cluster	genes	cluster_size	enriched_in	STRING_precision	STRING_true_positives	CORUM_enriched_groups	CORUM_enriched_ids	KEGG_enriched_groups	KEGG_enriched_ids
0	AIP; ARF1; ARL2; ATF4; ATP5F1A; B3GAT3; BATF2; BRMS1; BSCL2; C11orf68; C1QTNF4; CABP4; CAPRIN1; CARNS1; CBWD5; CBWD6; CCDC107; CCDC86; CCS; CD5; CDC42EP2; CHCHD1; CHRDL2; COA4; COA5; COQ4; CST6; CTBP2; CTSF; CTTN; CYB561A3; CYCS; DDX23; DPF2; DRAP1; EEF1G; EHBP1L1; EIF1AD; EXT2; FADD; FADS2; FAM86C1; FAM89B; FEN1; FERMT3; GANAB; GNG3; GPR137; GRK2; HNRNPUL2; HSBP1; HSPA14; INPPL1; KAT7; KCNK4; KCTD21; KDM2A; KLC2; KRTAP5-11; KRTAP5-7; LIN7C; LRP4; LRP5; LRRC10B; LRRC32; LTBP3; MADD; MAP3K11; MAP4K2; MEAF6; METTL15; MRGPRX1; MRPL11; MRPL16; MRPL21; MRPL30; MRPL41; MRPL48; MRPL49; MRPS9; MUS81; NAA40; NAALADL1; NAT10; NDUFA2; NDUFB8; NDUFS3; NDUFS8; NDUFV1; NONO; NPAS4; OR4A47; ORC2; PACS1; PELI3; PITPNM1; PPME1; PPP1R14B; PPP2R5B; PRRC2C; PTPN1; PYGM; RAB1B; RAB6A; RABIF; RAD9A; RBM14-RBM4; RBMX; RCOR2; RHOG; RPS6KA4; SCGB1D1; SCGB2A1; SCYL1; SDHAF2; SIPA1; SLC22A25; SLC22A8; SLC35C1; SNX32; SPDYC; STIP1; SUPV3L1; SYT12; TM7SF2; TMED10; TMEM132A; TMEM258; TRIM44; TRIM48; TRIM64B; USP35; VPS37C; WEE1; ZDHHC24; ZEB1; ZNRD2; ZP1	138	None	0.004125674389082831	39.0				
1	ADAT2; DPAGT1; FAM210A; FOXL2; HDAC8; INO80C; MCL1; MDC1; PHLDB3; RAB39A; SIGLEC1; SRPRB; nontargeting_0_2; nontargeting_10_0; nontargeting_11_2; nontargeting_11_3; nontargeting_12_3; nontargeting_13_2; nontargeting_13_3; nontargeting_14_0; nontargeting_15_0; nontargeting_15_2; nontargeting_15_3; nontargeting_16_0; nontargeting_16_1; nontargeting_16_3; nontargeting_17_3; nontargeting_19_0; nontargeting_19_1; nontargeting_19_3; nontargeting_1_3; nontargeting_20_1; nontargeting_20_2; nontargeting_20_3; nontargeting_22_0; nontargeting_22_1; nontargeting_22_3; nontargeting_23_0; nontargeting_23_3; nontargeting_24_0; nontargeting_26_1; nontargeting_28_0; nontargeting_28_2; nontargeting_29_0; nontargeting_29_2; nontargeting_2_3; nontargeting_30_0; nontargeting_31_1; nontargeting_31_2; nontargeting_31_3; nontargeting_32_1; nontargeting_32_2; nontargeting_33_0; nontargeting_33_1; nontargeting_33_2; nontargeting_33_3; nontargeting_34_0; nontargeting_35_1; nontargeting_36_0; nontargeting_36_2; nontargeting_37_0; nontargeting_38_3; nontargeting_39_0; nontargeting_3_1; nontargeting_40_2; nontargeting_40_3; nontargeting_42_1; nontargeting_42_2; nontargeting_42_3; nontargeting_43_1; nontargeting_44_0; nontargeting_44_1; nontargeting_44_2; nontargeting_45_3; nontargeting_47_0; nontargeting_47_1; nontargeting_47_3; nontargeting_48_0; nontargeting_48_2; nontargeting_49_2; nontargeting_4_0; nontargeting_50_0; nontargeting_50_3; nontargeting_51_1; nontargeting_52_0; nontargeting_52_1; nontargeting_52_2; nontargeting_53_1; nontargeting_55_2; nontargeting_55_3; nontargeting_56_0; nontargeting_57_0; nontargeting_57_2; nontargeting_57_3; nontargeting_58_1; nontargeting_58_2; nontargeting_59_2; nontargeting_5_0; nontargeting_5_1; nontargeting_60_0; nontargeting_60_2; nontargeting_61_0; nontargeting_62_0; nontargeting_6_0; nontargeting_6_1; nontargeting_6_3; nontargeting_7_2; nontargeting_8_1; nontargeting_8_2; nontargeting_9_0; nontargeting_9_2	111	None	0.0	0.0				
2	FAM71E1; IER2; IER3IP1; IVL; KRTAP10-4; ME2; MEX3C; NDUFB1; TIMM8B; TMEM64; nontargeting_0_3; nontargeting_10_1; nontargeting_10_2; nontargeting_10_3; nontargeting_11_1; nontargeting_12_0; nontargeting_12_1; nontargeting_12_2; nontargeting_13_0; nontargeting_13_1; nontargeting_14_1; nontargeting_14_2; nontargeting_14_3; nontargeting_15_1; nontargeting_17_0; nontargeting_17_2; nontargeting_18_0; nontargeting_18_1; nontargeting_19_2; nontargeting_1_0; nontargeting_21_0; nontargeting_21_1; nontargeting_21_2; nontargeting_22_2; nontargeting_23_1; nontargeting_24_1; nontargeting_24_2; nontargeting_24_3; nontargeting_25_1; nontargeting_25_2; nontargeting_25_3; nontargeting_26_0; nontargeting_26_2; nontargeting_26_3; nontargeting_27_0; nontargeting_27_1; nontargeting_27_2; nontargeting_27_3; nontargeting_29_1; nontargeting_2_0; nontargeting_2_2; nontargeting_30_1; nontargeting_30_2; nontargeting_32_0; nontargeting_34_1; nontargeting_34_3; nontargeting_35_2; nontargeting_36_1; nontargeting_37_1; nontargeting_37_2; nontargeting_37_3; nontargeting_38_0; nontargeting_38_1; nontargeting_39_2; nontargeting_39_3; nontargeting_3_0; nontargeting_3_2; nontargeting_3_3; nontargeting_41_0; nontargeting_41_1; nontargeting_41_2; nontargeting_42_0; nontargeting_43_0; nontargeting_45_0; nontargeting_46_2; nontargeting_46_3; nontargeting_47_2; nontargeting_48_1; nontargeting_49_3; nontargeting_4_1; nontargeting_4_2; nontargeting_4_3; nontargeting_50_1; nontargeting_51_2; nontargeting_51_3; nontargeting_53_0; nontargeting_53_2; nontargeting_53_3; nontargeting_54_0; nontargeting_54_1; nontargeting_54_2; nontargeting_55_0; nontargeting_58_3; nontargeting_59_3; nontargeting_5_2; nontargeting_60_1; nontargeting_60_3; nontargeting_61_1; nontargeting_61_2; nontargeting_62_1; nontargeting_7_0; nontargeting_8_0; nontargeting_8_3; nontargeting_9_1; nontargeting_9_3	105	None	0.0	0.0				
3	ACTG1; ADSL; AKAP8L; ANKLE1; AP1M1; ARID3A; ARMC6; ASF1B; ATG4D; ATP5F1D; ATP6V1H; B3GNT3; BORCS8; BORCS8-MEF2B; C19orf38; C19orf67; CACNA1A; CCDC130; CPAMD8; CRLF1; CRTC1; CYP4F22; DCAF15; DDX5; DERL2; DHX35; DHX9; EP300; FKBP8; GDF1; GMIP; GPATCH1; GPX4; HAPLN4; HOMER3; IQCN; ISYNA1; JUND; KEAP1; KXD1; LYL1; MAST3; MEF2B; MPDU1; MPV17L2; NDUFA13; NR2C2AP; OR7A10; OR7A17; PDE4A; PDE4C; PGPEP1; PIK3R2; QTRT1; RAVER1; REXO1; RFXANK; RNASEH2A; SEL1L; SEMA6B; SLC25A42; SMG8; SMIM7; SRRM1; SRSF11; SSBP4; SUGP2; SURF4; SYVN1; TECR; TNRC6A; TSSK6; UNC13A; WDR83; YJEFN3; ZC3H18; ZGLP1; ZNF333; ZNF431; ZNF492	80	None	0.0018987341772151898	6.0				
4	ACAD9; ADRM1; AKT1S1; ASH2L; ATF5; C17orf49; CHD2; CKAP2; CLEC11A; CSRNP1; CUL1; DLG5; DPH6; DPY30; EAF1; EGLN1; EIF2AK4; EMC4; FGFR1; GCOM1; GGNBP2; HERC2; HNRNPM; INSIG1; INTS14; IPO7; IREB2; KIAA1671; MAP2K1; MAPK1; MED13; MED13L; MED16; MRPL4; MRPS11; MZT1; NAPG; NGRN; NSRP1; NUP54; NUP58; NUP62; PLA2G4E; PPP5C; PRR12; PSMG1; PTPN11; RARA; RBBP5; REX1BD; SAP18; SCAF1; SHOC2; SNAPC3; SNAPC5; SNRPB2; SPATA5L1; SREK1; SRSF6; STX10; SUZ12; TLE3; TMEM44; TMEM87A; TOMM70; TP53BP1; TRPM7; TSPYL1; TTC27; TUBGCP5; TYK2; UBE2G2; URI1; USP7; WWTR1; ZBED2; ZWILCH	77	None	0.005126452494873548	15.0				
5	ANKRD17; AP2M1; AP2S1; ARGLU1; ARID2; ARID4B; ARMC7; CCNK; CDK7; CKS1B; CUL2; E2F3; ELL; ELOB; ELOC; EP400; EPC2; GRB2; HEXIM1; HNRNPF; HNRNPH1; ITGA3; JUNB; KAT2A; KLF16; KLF5; LDB1; LSM3; LUC7L3; MED12; MED15; MED23; NPEPPS; PBRM1; PDCD7; PHAX; POGZ; PPP6C; PPP6R3; PRPF40A; PSME3; PUM1; RBM25; RBM48; RNPC3; RUVBL1; RUVBL2; SFSWAP; SMN1&SMN2; SMNDC1; SNAPC2; SNAPC4; SNRNP25; SNRNP35; SNRNP48; SNRPA; SNRPC; SNUPN; SRSF1; SRSF7; TADA2A; TBP; TCF3; TFDP1; TRRAP; U2AF2; UFD1; WBP4; WDR25; WDR82; YEATS2; ZMAT5; ZNF207; ZNF407; ZRSR2; ZZZ3	76	CORUM	0.02245614035087719	64.0	23.0	12S U11 snRNP, 18S U11/U12 snRNP, ATAC complex, GCN5-linked, ATAC complex, YEATS2-linked, CUL2-PTCH1-TCEB1-TCEB2-ZYG11B complex, DMAP1-associated complex, H2A.Z histone-exchange complex p400/TIP60, HNRPF-HNRPH1 complex, KAT2A-TRRAP complex, NuA4/Tip60 HAT complex, NuA4/Tip60-HAT complex, NuA4/Tip60-HAT complex A, NuA4/Tip60-HAT complex B, PRAME complex, RUVBL1-RUVBL2 complex, Spliceosome, A complex, Spliceosome, E complex, TFTC-type histone acetyl transferase complex, TIP60 histone acetylase complex, Ubiquitin E3 ligase (VHL, TCEB1, TCEB2, CUL2), Ubiquitin E3 ligase (VHL, TCEB1, TCEB2, CUL2, RBX1), c-MYC-ATPase-helicase complex, p400-associated complex		
6	ANKHD1; ANKHD1-EIF4EBP3; ATMIN; C19orf53; C7orf26; CCNC; CDK13; CDK8; CENPJ; COG2; COG3; COG4; COG5; COG6; COG7; DHX16; DYNLL1; EIPR1; ERH; F8A3&F8A2&F8A1; FIP1L1; FNTA; GARS1; GTF2H4; GTF3C2; HEATR5B; HNRNPU; HTT; IMPDH2; INTS10; INTS11; INTS4; INTS9; MAP7D1; MIOS; MLST8; MRTO4; MTOR; PCM1; PDPK1; PFDN1; PFDN2; PPIH; PRKAR1A; PRPF4B; PSMD10; PTBP1; PWP1; QRICH1; RHEB; RICTOR; RPL36A; RPTOR; RRAGA; SEH1L; SGF29; SLC4A7; SRSF3; TADA3; TBCE; TFAP4; TMEM131; TRAPPC11; TRAPPC3; TRAPPC8; TTI1; UBC; UNC50; VBP1; VPS29; WAPL; WDR24; WDR59; ZNF335	74	CORUM, KEGG	0.01999259533506109	54.0	24.0	CDK8-CyclinC-Mediator complex, COG complex, COG subcomplex (COG5, COG6, COG7, COG8), COG subcomplex (COG5, COG7), COG1-COG8-COG2-COG3-COG4 subcomplex, COG1-COG8-COG5-COG6-COG7 subcomplex, COG2-COG3-COG4 subcomplex, COG5-COG6-COG7 subcomplex, DSS1 complex, GATOR complex, GATOR2 complex, GATOR2-CASTOR1 complex, GATOR2-SESN2 complex, Integrator complex, Integrator-RNAPII complex, Prefoldin complex, SOG complex, mTOR complex (MTOR, RAPTOR), mTOR2 complex (MTOR, RICTOR, MLST8), mTORC1 complex (MLST8, MTOR, RAPTOR), mTORC1-PRAS40 complex, mTORC2 complex  (MAPKAP1, MLST8, MTOR, RICTOR), mTORC2 complex (PROTOR1), mTORC2 complex (PROTOR2)	4.0	KEGG_MEDICUS_REFERENCE_AUTOPHAGY_VESICLE_NUCLEATION_ELONGATION_MATURATION_MTORC1_PI3KC3_C1, KEGG_MEDICUS_REFERENCE_FLCN_MTORC1_SIGNALING_PATHWAY, KEGG_MEDICUS_REFERENCE_GATOR1_MTORC1_SIGNALING_PATHWAY, KEGG_MEDICUS_REFERENCE_TSC1_2_MTORC1_SIGNALING_PATHWAY
7	ACBD4; ADAM11; ALDOC; ARL17A; ARL17B; ARL4D; ASNS; ATP5MC1; ATP6V0A1; BECN1; CFAP97D1; CNP; CNTNAP1; CPSF7; DDX19A; EPN3; EPOP; FBXO47; FDX2; FKBP10; G6PC; GATAD2A; H2BC12; HNF1B; HROB; HSPB9; IER3; KLHL11; KRT17; KRTAP2-2; KRTAP4-7; LRRC37A2; LRRC3C; LSM12; MAFF; MBD3L4; MLX; MRPL10; MRPL45; MYO18A; NAGLU; NT5C3B; OSBPL7; PCGF2; PCNP; PIP5K1A; PPIL2; PPY; PRAC1; PRR20D&PRR20C&PRR20B&PRR20E&PRR20A; RAD51D; RDM1; SGCA; SLC25A19; SLC35G3; SLC35G6; SLC4A1; SPPL2C; STAT5A; STAT5B; STRIP1; TAF15; TBKBP1; TEFM; TIMM22; TMEM104; TMEM199; TMUB2; UNC119; USH1G; VPS25; WNK4; ZNF830	73	None	0.00076103500761035	2.0				
8	ACP5; ADAM33; ADAMTSL5; APC2; ARHGAP45; ATP8B3; BHLHE22; BLOC1S3; C19orf54; CCDC114; CDC34; CEACAM6; CHST8; COPE; COX6B1; CTXN1; CYP4F11; CYP4F2; DDX42; EBI3; EML2-AS1; FAM86B1; FBN3; FEM1A; GADD45GIP1; GTF2F1; H2AJ; ICAM5; KRTAP10-8; KRTAP9-8; MAML1; MAP2K7; MATK; METTL23; MFSD12; MICOS13; MINDY2; MPND; MRPL34; MVB12A; NCAN; NDUFA7; NFKBIB; NIPAL2; OR7G1; OR7G3; PCNT; PET100; PFKL; PGLS; PPP1R13L; PRR22; SHFL; SIRT6; SMURF2; TBXA2R; TNPO2; UBASH3A; USHBP1; WDR88; YBEY; ZNF100; ZNF284; ZNF317; ZNF69; ZNF738; ZNF763; ZNF781; ZNF85; ZNF91; ZSCAN5B	71	None	0.0008048289738430583	2.0				
9	AFF2; AGXT; ALG13; ANKRD54; ATXN2; C9orf163; CALD1; CALM3; CMTR2; COX4I2; CR1L; DRGX; DTHD1; EEF1AKMT2; FAM98B; FCN2; H2AB2; HDAC4; HOXD11; HSD17B4; HSPB8; IGF2BP2; KDSR; LARS2; LYRM4; MARCHF4; MRPL40; MRPS25; MTERF4; NELFE; ORC5; OXSM; PER2; PHLDB1; PLEKHN1; PPCS; PRAMEF11; PRAMEF20; PRKAB1; PTRH1; RBFA; RDH5; RNF157; SCAND1; SEC61A2; SHB; SIMC1; SLC5A9; SREBF2; SS18; TCEAL4; TEDC1; TUSC2; UBE3D; VMA21; VWA8; WASHC3; ZCCHC3; ZGPAT; ZNF133; ZNF395; ZNF525; ZNF718; nontargeting_17_1; nontargeting_25_0; nontargeting_28_1; nontargeting_35_0; nontargeting_49_1; nontargeting_51_0; nontargeting_5_3	70	None	0.00041407867494824016	1.0				
10	ABL1; ACO2; ACOT12; AKAP17A; ALG14; ANP32B; ANTXRL; ATP6AP2; ATXN2L; AURKAIP1; C9orf78; CEP131; CERCAM; CHST4; CHTF18; CIZ1; COX7C; CTDSP2; DNM1; DPY19L2; EGFL7; FAAP100; FANCC; FIBCD1; FIS1; FUS; FUT4; H2BC7; HUS1; IKZF1; IRF2BP1; KMT5A; LCN8; LLPH; LRCH4; LRWD1; MCTP1; MRPL20; MRPS16; MRPS17; MRPS24; NDOR1; NDST2; PAXIP1; PCDHA13; PRCC; PTPA; QRFP; RAD1; RAD17; RBP3; ROPN1L; RPE; RXRA; SIVA1; SLC16A3; SLC6A18; SLC9A3; SNRNP40; SP8; SYNPO2L; TERT; TMED5; TOR2A; TUBB3; VDAC1; WIPF3; ZNF131; ZNF322; ZNF674	70	None	0.005797101449275362	14.0				
11	AARS2; ACSL4; ACTL7A; ADGRB2; ADPRHL2; AMD1; ANAPC7; ANKS1A; ATL2; BRD2; CDCA3; CDKN2AIP; CKAP2L; CYB5B; DNLZ; ELOVL1; EMC1; EMC2; EXOC2; EXTL1; FUBP1; GSTM4; HCRTR1; HIVEP3; IQCC; KCNQ5; KIF22; MAGOH; MROH7; MTHFD1; NASP; NEK1; NOTCH2; NUP153; NUP37; OGT; PA2G4; PCYT1A; PMPCA; PPP4R1; RBM12; RIC1; RNMT; SCAF8; SCAP; SEC16A; SEC23IP; SELENON; SLC35A1; SLC39A10; SLC66A1; SMAP2; SNAP91; SOX12; SP3; SREBF1; TEKT2; THAP11; TIAL1; TIGD1; TMEM201; TSSK3; UFC1; VKORC1L1; XPO5; ZNF593	66	None	0.0013986013986013986	3.0				
12	ABI3; ACSF2; AP3B1; AP3D1; ARHGAP23; BCAS3; BRIP1; C17orf58; CCDC43; CRIPT; DDA1; FAM20A; FAM32A; FDXR; FOXN1; GABPA; GABPB1; GAS2L2; GFER; GSDMA; HAP1; ILF3; KIN; KRT10; KRT16; KRT31; KRT35; KRTAP2-1; KRTAP2-4; LGALS3BP; LIMD2; LRRC37B; MAX; MEMO1; MICALL1; MRPL27; MRPS7; NKAP; NME2; OR4D2; PDK2; PLEKHM1; POU5F1B; PROCA1; RAB11FIP4; RFFL; RSAD1; SCN4A; SEBOX; SETD2; SKAP1; SLC38A2; SNF8; SOD1; SON; SP2; SPAG5; SSH2; SYF2; TXNDC17; UNC13D; UPF3A; WIPF2; XRCC6; ZBTB11; ZMYND8	66	None	0.002331002331002331	5.0				
13	AAAS; ACLY; ARF3; C3orf36; CACNB3; CALCOCO1; CCDC184; CCDC58; CCNT1; COL2A1; COX14; DDN; DDX6; DNAJC14; DNAJC22; EEFSEC; EFCC1; EIF4B; FAM186A; FANCM; HMCES; HOXC4; HOXC6; IFT57; IGFBP6; KMT2D; KRT2; KRT6A; KRT7; KRT79; MCM2; METTL7A; METTL7B; MRPL3; MRPL47; NFE2; OPA1; OR6C6; PABPC1; PARL; PCED1B; PCNX3; PDE1B; PFDN5; PHC1; PNPT1; PPHLN1; PRPF40B; PYM1; RAB43; RND1; RPAP3; RTF1; SMAGP; SMUG1; SUOX; TARBP2; TFG; TNS2; TRMT10C; TROAP; TUBA1A; YBX1; ZCRB1; nontargeting_2_1	65	None	0.002403846153846154	5.0				
14	ARHGEF15; ATP5PF; ATPAF2; C1QBP; CCDC144A; CCDC144NL; CENPV; CNTROB; CTC1; CWC25; DHX33; DLG4; DND1; DRG2; EFNB3; ELAC2; ELP5; FLCN; FLII; GEMIN4; GGT6; H2BC14; H3C8; HCFC1; HDAC3; HES7; INPP5K; KCNJ12; LGALS9B; LRRC75A; MAP2K3; METTL16; MYBBP1A; MYH4; MYO15A; NCBP3; NCOR1; NUDCD3; PIK3R5; PNISR; POLD1; RAI1; SCGB1C1; SCO1; SMCR8; SMG1; SMG6; SMG7; SOX15; SPAG7; SPAG9; SPNS2; TBC1D28; TCERG1; THAP1; TIMM29; TOP3A; TRPV2; TVP23C; UBB; UPF2; USP6; WRAP53; ZBTB4; ZSWIM7	65	None	0.0033653846153846156	7.0				
15	AARS1; AMDHD2; APOBR; ARHGEF35; ARMC5; ATF7IP; C16orf92; CD19; CDIPT; CERS2; CMPK2; COQ7; CREBBP; DAPK3; DGKI; DHPS; DLD; DLST; DNAJA3; DOHH; EARS2; EIF5A; GJA3; GSPT1; GTF3C1; IFITM3; ITGAX; LAT; LCMT1; MAPK3; MARVELD3; MMP25; NR0B2; OGDH; PAGR1; PAM16; PFN1; PGAP6; PI4KA; POC1A; PPIP5K2; RHBDF1; RHOA; RMI2; SBK1; SEPHS2; SETD1A; SETDB1; SEZ6L2; SINHCAF; SLC25A25; SPNS1; STX4; SUPT7L; TENT4B; TIMM13; TP53TG3B&TP53TG3; TPT1; VASN; VPS35; YPEL3; ZNF174; ZNF506; ZNF688	64	CORUM	0.003968253968253968	8.0	1.0	KAT2A-Oxoglutarate dehydrogenase complex		
16	AKNAD1; AMY1A; AMY1B&AMY1C; BTF3L4; CD101; CHD4; CLCC1; COX7B; CSNK2A3; DDX20; DENND2C; DMRTA2; DPH2; EEF1B2; ENSA; EPS8L3; EWSR1; EXTL2; FAM133B; FAM72B; FCGR1B; GPR61; GSTM2; HAO2; HIPK1; HNRNPA3; HSD3B1; HSPE1; IGSF3; KCNA10; KCNC4; KCND3; LAMTOR5; MRPL24; MYBPHL; NBPF6; NEK2; NPM1; NRAS; OBP2A; OLFML3; OVGP1; PDE4DIP; PHGDH; PNRC2; PPIA; PPM1J; PRPF38B; PSRC1; RBM26; RBMXL1; SET; SLC16A1; SLC29A4; SLC39A7; SLC6A17; SLC6A9; SPCS2; STXBP3; TTF2; TUBB8; UQCRH; USP1; ZFR	64	None	0.000496031746031746	1.0				
17	AHNAK2; AIFM1; ANKRD31; ARPC4-TTLL3; C18orf32; C1orf127; C5orf30; CAPN9; CHMP4C; DDRGK1; DNAAF5; ELOA3; EPN1; EXOC8; FAM166A; FH; FLT3; FLVCR1; FNDC10; FOXC2; GLIPR1L1; GLRX3; H2AC15; H2BU1; IER5L; IPO5; ITGA9; KCTD12; KRTAP10-1; MAD1L1; MYL12A; NLRP13; NUDT16L1; PGM3; PPA1; PQBP1; PRKCZ; RADIL; RBCK1; RBSN; RILPL2; RINT1; SIGLEC6; SKI; SMARCD3; SRXN1; SYT5; TEX29; THAP4; TMCO3; TNKS; TRNP1; TTC7A; USE1; USP4; XPA; XXYLT1; ZDHHC19; ZDHHC7; ZNF185; ZNF468; nontargeting_11_0; nontargeting_32_3; nontargeting_58_0	64	None	0.000496031746031746	1.0				
18	ABHD11; ACTB; ACTR1B; ALX3; ANKRD20A4; APOLD1; BUB1; C2orf27A; CCDC115; CCDC74B; CD8A; CFC1; CFC1B; CNNM4; DNAJC13; DPPA5; ELMOD3; ERVW-1; FAHD2A; FBXO41; FOXD4L3; GGCX; GGTLC2; GPAT2; GPR45; HS6ST1; INO80B; KAT5; KIAA1211L; LIPT1; MRPL35; MRPS5; MXRA7; NUP50; OXER1; PDCL3; PLGLB2&PLGLB1; PLK1; POTEE; POTEG; POTEH; POTEI; PPIL1; PSD4; RAB6C; RABL2A; RGPD2; RGPD5; RGPD6; RGPD8; RHOQ; RIPK3; RPL22; SPATA31A3; SRBD1; SSB; STARD7; TCOF1; TGFBRAP1; TTC31; TUBA3D; USP9X; VPS51	63	None	0.0010240655401945725	2.0				
19	ADAMTSL4; ANXA9; ASH1L; ASTN1; B4GALT3; BCAN; CD1D; CLK2; CREB3L4; CSH2; DAP3; DPM3; EIF5AL1; FAM72D; FASLG; FDPS; FMO1; GAGE2A; GPATCH4; H2AC20; H2BC18; H2BC21; HAPLN2; HAX1; HJV; JTB; KLHDC8A; KRTCAP2; LCE1A; LCE1C; LCE2A; LINGO4; LYSMD1; MEF2D; MEX3A; MRPS21; NDUFS2; NOTCH2NLA; NPR1; NUDT17; PAQR6; PDZK1; PPM1E; RFX5; RNF115; RPRD2; S100A11; SHC1; SHE; SLAMF1; SLAMF9; SMG5; SPRR2A; SPRR2B; SPRR2E; SV2A; TARS2; TMOD4; TPM3; TSACC; UBQLN4; VOPP1; ZNF687	63	None	0.0010240655401945725	2.0				
20	ABCF1; BOP1; BRIX1; CEBPZ; DDX24; DDX27; DDX51; DDX54; DDX56; DKC1; EBNA1BP2; EIF6; FTSJ3; GNL2; GNL3; GNL3L; GTPBP4; ISG20L2; LSG1; MAK16; MDN1; METAP2; NCL; NIFK; NIP7; NLE1; NMD3; NOC2L; NOC3L; NOL8; NOLC1; NOP16; NOP2; NOP53; NSA2; NVL; PAK1IP1; PELO; PES1; PPAN; PPAN-P2RY11; RANBP1; RPF1; RPF2; RPL28; RPL36; RRP1; RRP15; RRS1; RSL1D1; RSL24D1; SDAD1; SPATA5; SPHK2; SPOUT1; TMA16; URB1; URB2; WDR12; WDR74; ZNF574	61	CORUM, STRING	0.20437158469945355	374.0	3.0	DDX27-PeBoW complex, Nop56p-associated pre-rRNA complex, PeBoW complex		
21	ALYREF; API5; CDK9; CTDP1; CXXC1; DDX39B; GLE1; GPN1; GPN2; GTF2A1; GTF2A2; GTF2B; HINFP; MCM3AP; MED10; MED14; MED17; MED20; MED21; MED26; MED27; MED28; MED30; MED31; MED4; MED6; MED7; MED8; NUP205; NUP93; NXF1; NXT1; PCBP2; POLR2B; POLR2C; POLR2D; POLR2E; POLR2F; POLR2G; POLR2H; POLR2I; POLR2J; POLR2J3; POLR2K; POLR2L; RNGTT; RPAP1; RPAP2; SENP6; SETD1B; SLC7A6OS; SSRP1; SUPT16H; SUPT4H1; SUPT5H; THOC1; THOC2; THOC5; THOC7	59	CORUM, KEGG, STRING	0.21507890122735243	368.0	31.0	ARC complex, ARC-L complex, ARC92-Mediator complex, BRCA1-RNA polymerase II complex, BRCA1-core RNA polymerase II complex, BRD4 complex, CRSP complex, CRSP-Mediator 2 complex, DRIP complex, DSIF complex (DRB sensitivity-inducing factor complex), ESR1-Mediator complex, ESR2-Mediator complex, Exon junction complex, FACT complex, Mediator complex, NAT complex, NXF1-NXT1 complex, PC2 complex, POLR2B-POLR2C-RPAP1 complex, RNA polymerase II (RNAPII), RNA polymerase II core complex, RNA polymerase II holoenzyme complex, SMCC complex, SOX9-TRAP complex, TFIIA complex, THO complex, TRAP complex, TRAP-SMCC mediator complex, TREX complex, VDR-DRIP complex, hTREX84 complex	2.0	KEGG_MEDICUS_REFERENCE_NUCLEAR_EXPORT_OF_MRNA, KEGG_MEDICUS_REFERENCE_TRANSCRIPTION_COUPLED_NER
22	AK2; AK4; AKR1A1; C12orf49; C12orf56; C12orf65; C9orf129; CDK5RAP2; CLDN19; COA7; CSMD2; DDX55; DPP7; ESPN; FAAP20; FAM167B; FAM183A; FOXK1; GPR89A; GTF3C4; HIP1R; KCNQ4; KDF1; KIF2C; KNTC1; LEXM; LRRC41; LURAP1; MMACHC; MRPS14; MVK; MYO1H; NDUFS5; NOXA1; NRDC; NSMF; PABPN1L; PCSK9; PDZK1IP1; PEF1; PEX1; PIGV; RBM28; RITA1; RPS6KA1; SBDS; SCMH1; SLFNL1; SPOCD1; SRSF4; SURF1; SURF6; TCHP; TMEM82; TRAPPC2L; TSPAN31; UXT; ZNF367; ZNF691	59	None	0.0	0.0				
23	ADNP; ATXN7L1; BOLA2&BOLA2B; CAPS; CCDC137; CDC25C; CDK6; CDKN2AIPNL; CDS2; CENPX; CMTR1; CYHR1; CYS1; DNMT1; EED; EIF4EBP1; EZH2; FAM86B2; FOXM1; GDF5OS; H2AC16; H2BC3; H4C13; INAVA; KBTBD11; KDM8; MAGOHB; MKRN1; MSRB1; NANOG; NAPRT; NFU1; NTF3; NUBP2; OR2A1; OR2T5; PCARE; PCID2; PIK3CG; PKD1; PTAR1; RABGEF1; RBM33; RHPN1; RPE65; RSPH10B2; SLC4A2; ST6GALNAC4; TPSG1; TSPYL5; TTF1; UCN; USP17L2; VAT1L; WDR66; YBX3; ZBED1; ZNF511	58	None	0.0012099213551119178	2.0				
24	ADAR; APEX2; ARSB; BRAT1; C15orf41; CD27; CHGA; DBNL; DUSP22; EBF1; ELOA3B; ERCC6; EZR; FAAP24; FARS2; FCRLB; GNPAT; H2AB1; H2AC17; H2AC4; H4C2; INTS13; KBTBD2; KIAA1614; KRTAP4-11; LRCH2; MAGED4B; MCAT; MDM4; METTL1; MPV17L; MYO1G; NKTR; NKX6-1; OR10C1; PAICS; PNKP; RAC3; RGS9BP; RNF14; RPP40; SCPEP1; SIRT7; SMARCD2; SMC6; SYT2; TBRG4; TMEM167A; TNFRSF8; TNXB; TXN; UBE2O; VPS26A; XRCC3; ZACN; ZDHHC16; ZFP57; ZNF676	58	None	0.0006049606775559589	1.0				
25	ARHGAP11A; ATF1; ATP6V1A; CCAR1; CDK2; CELF6; CEP152; CEP192; CEP63; CIAO2A; CLNS1A; COMMD4; CPEB1; DNAJC17; DUOXA2; EIF4EBP2; ELAVL1; ELL3; FAIM; GMPPB; GOLGA6L9; GOLGA8A; HNRNPDL; HOXC10; ICE2; LTO1; MGA; MPI; MTFMT; NAA50; NDUFAF1; OIP5; PIGH; PKM; PLA2G4D; PLCB2; PNN; PPCDC; PRPF39; PTMA; RASGRP1; RNPS1; RPL39L; RPS27L; RPUSD2; RYR3; SAP130; SERINC4; SLC25A10; SNAP23; SPC24; SPINT1; SRP14; ST20; STX5; UBE2Z; VHL	57	None	0.002506265664160401	4.0				
26	ARMC9; ATP6V0A2; ATXN10; BIRC2; CD164; CEP135; CHRD; CITED2; CLPP; DBP; EIF4A3; FAM200B; FAM83C; FAM83E; GATB; GATD1; GGPS1; GLP2R; GPX8; GRSF1; GTPBP10; H2BC17; HLA-A; IDI1; LAGE3; LARP1; MARS2; MPHOSPH6; MRPS31; MTMR3; MYB; NAT14; NDUFA1; NGLY1; OVOL2; PAQR3; PDGFRA; PDSS1; PET117; PSMD9; PUM3; PYGB; RABGAP1L; RIOX2; RPRD1A; RTTN; SEPSECS; SLC5A3; SOX4; THAP7; TIMM8A; TMCO6; TRIM41; UFSP2; USP48; ZCCHC7; nontargeting_7_1	57	None	0.0012531328320802004	2.0				
27	ACD; AGT; ATP5MF-PTCD1; BORCS5; CASZ1; CCDC12; CCER1; CTAGE4; DHODH; DTX2; EFR3A; EHMT1; ESCO2; FAM91A1; FANCA; GABPB2; GINS4; GPR132; H4C15&H4C14; HEATR3; IRX6; KIF3C; LAMC3; MAFK; MAP1LC3B; MECR; MT1X; MYLK3; NEIL1; NMNAT1; NRIP2; NSMCE4A; PGBD2; PHF2; PLEC; PNPLA7; POT1; PRAMEF18; PRAMEF5; PRKRIP1; PRR7; RIPOR1; RMI1; SERF1B&SERF1A; SLC31A1; SPACA7; SPATC1; TEPSIN; TMEM183A; TMEM208; TRMU; TRPM2; TTC14; UIMC1; VAC14; XRCC2; ZNF469	57	None	0.0012531328320802004	2.0				
28	BANP; BDP1; C12orf45; CASC3; CCDC59; CD3EAP; CENPE; DIS3; EIF2B1; EIF5B; EXOSC2; EXOSC3; EXOSC4; EXOSC5; EXOSC6; EXOSC7; EXOSC8; EXOSC9; FMNL2; GAR1; GTF3C3; HSPA8; KRR1; MAD2L1BP; MARS1; MTREX; NOL11; NOL7; NOM1; NOP9; NUFIP1; NUFIP2; PCBP1; PDCD2; POLR1C; POLR1E; POP7; RBM19; RIF1; RPP30; TAF1A; TAF1B; TAF1C; TAF1D; TBCD; TOMM22; TOP1; TRAPPC4; TSR2; UBAP2L; USP36; UTP25; YY1; ZBTB8OS; ZFC3H1; ZNHIT6	56	CORUM, STRING	0.04155844155844156	64.0	2.0	Exosome, TBP-TAF complex		
29	ACTL6A; BAG2; BAK1; BCLAF1; C6orf132; C6orf15; CAMLG; CCND3; CFB; CHMP3; CLPS; CUL9; DCAF6; DSN1; FANCE; GCLC; GET3; H2BC10; H3C1; H3C11; KIFC1; LEMD2; LRRC1; LRRC73; LST1; MAP3K7; MEAK7; MICB; MYL9; NCAPH2; NCR2; NDC80; NFKBIE; PFDN6; PPP1R18; RAB23; RCOR1; RUNX2; SKIV2L; SLC26A8; TBC1D22B; TEAD3; TMEM63B; TRAPPC1; TRAPPC5; TRIP12; TULP1; UQCC2; VPS16; VPS18; VPS39; VPS41; VPS52; WDR18; YIPF3; ZBTB9	56	CORUM, KEGG	0.005844155844155844	9.0	1.0	HOPS complex	3.0	KEGG_MEDICUS_PATHOGEN_SALMONELLA_SIFA_TO_TETHERING_OF_LATE_ENDOSOMES_AND_LYSOSOMES, KEGG_MEDICUS_REFERENCE_AUTOPHAGOSOME_AND_LYSOSOME_FUSION_TETHERING_FACTOR, KEGG_MEDICUS_REFERENCE_TETHERING_OF_LATE_ENDOSOMES_AND_LYSOSOMES
30	AEBP1; BBS9; BRAP; CADM4; CALCB; CCDC180; CCDC85B; CCND1; CD22; CHRND; EFNA3; FOXRED1; GEMIN7; GMNN; H3C4; HMGB3; HTATSF1; JMY; KCNC1; KIAA1143; KIF11; KRTAP10-6; LMO2; LSM14A; MALSU1; MICALL2; MRGPRG; MRM3; MRPL32; MRPS27; MTG1; MTRNR2L8; NAMPT; NDUFA10; NDUFC2-KCTD14; ORC3; PIK3CD; POLM; PPP1R3E; PRG4; PTGES3; SARS2; SLC6A6; SLC9B1; SULT2B1; TBATA; TNNT1; TSG101; UQCC3; UQCR10; WDR48; ZNF286B; ZNF33B; ZNF658; ZPBP2	55	None	0.0026936026936026937	4.0				
31	ABCB10; ACTA1; ADCY3; AJM1; ALG1; ARMH1; ARNTL2; C7orf50; CAST; CBFA2T3; CLTB; COL17A1; COX19; COX20; COX4I1; FAM163B; FGFR1OP; FSCN2; GFI1; GLMN; GRAMD4; GTF3C5; H1-2; H1-4; H2AC21; H3C3; IGFN1; MAGEA8; METTL25; MRPS15; MRPS30; NAV1; NPB; PLAGL2; PMPCB; PPM1G; PRH1; PTCD1; RBMX2; RNF123; SH3RF2; SLC35D1; TBCA; TEDC2; TFR2; TIE1; TRAF2; VPS37B; WARS1; XPR1; ZKSCAN1; ZKSCAN5; ZNF217; ZNF622	54	None	0.0006988120195667365	1.0				
32	AAK1; AMBRA1; ANKRD49; APC; ATP6V0C; BRD8; CABIN1; CARM1; CDK2AP2; CEP57; CHKA; CHMP6; CKAP5; CLPB; COX11; CPT1A; CRK; CSNK1A1; CSNK1D; CWF19L2; DNM2; EIF3J; ELMO2; FOLR3; GATA2; GDI2; HGS; HIRA; HNRNPA1; KMT2A; MATR3; MEN1; MNT; MPRIP; MRGBP; MRPS2; MSL1; NRF1; PPP1CA; RAB35; RNF145; SRP19; SRP54; SRP72; SRPRA; TMED2; TRIR; UBAP1; UBE2N; USP8; UVRAG; VPS28; WASL; WDR44	54	None	0.013277428371767994	19.0				
33	ADO; AGPS; BBS1; CDC42EP4; COL11A2; CRYGC; CSDE1; DNAJB2; EPC1; ERBIN; ERP44; FGD5; GJD4; HBS1L; HIP1; ING3; IRF2BP2; KDM4A; KPNA6; LEMD3; LMX1B; LPA; MBD2; METAP1; MRPL44; MTPAP; MZT2A; NEK6; NSD1; OBSL1; PIP4K2A; PPP1R2; PPP1R7; PSAT1; PTCD3; PYURF; RANGAP1; RBM14; RGP1; RNF4; SAMD4B; SBNO1; SEC63; SLC23A3; SLC25A28; SLC3A2; SOX9; SUCO; TAPT1; TRIM24; UQCC1; YEATS4; nontargeting_18_3; nontargeting_56_3	54	None	0.0020964360587002098	3.0				
34	ABCA3; ABHD13; AGAP7P; AKR7A3; C16orf71; C4orf46; CBFB; CRELD1; DHX30; DNAJB6; EPSTI1; ETNK1; FBLIM1; GDE1; GPKOW; GSDMC; HCFC1R1; HSP90B1; IARS2; KIAA2013; MFN2; MIPEP; MYH9; NDUFAB1; NOMO3; NPIPB5; NSMCE2; OBSCN; ODR4; PCYT2; PRKAB2; PRSS50; PSEN2; PSMG2; RAD54L; RFT1; RNF8; SDC1; SLC35E2A; SPRR2D; SPRR2G; SRM; SSX4; SSX4B; TMEM200B; TNNT2; TSEN15; TTC4; UBALD1; UROD; VPS13D; YLPM1; ZBTB47	53	None	0.000725689404934688	1.0				
35	AIFM3; APOC1; ARHGAP33; AURKA; CCER2; CGB2; CGB3; CLPTM1; COQ2; CPEB2; CRX; CYP2A13; DMKN; DMRTC2; DMWD; EFL1; ERCC1; FAM98C; FFAR3; FOXA3; FRG1; FUT2; GGN; GRWD1; HAMP; JHY; LSP1; MRPS26; PGLYRP1; PIH1D1; PLEKHA4; POP4; POP5; POU2F2; PPP1R37; PRR19; RAB36; SDF2L1; SMG9; SYT8; TBC1D17; TEAD2; TEX101; TFB1M; TMEM147; TRAPPC6A; TSSC4; UQCRQ; USF2; ZNF526; ZNF541; ZNF580; nontargeting_43_3	53	None	0.000725689404934688	1.0				
36	ACTR10; ARL1; ATP2B4; B3GNT2; CACUL1; CCDC22; CDC20; CEBPD; DNAJC2; EIF3H; ERCC6L; ETNK2; FBXL17; GSS; HNRNPCL1; HNRNPH2; KIF20B; KIF4A; MEF2C; MYH7B; NAA20; NDRG3; NFKB2; NME5; OSBP; PAPOLG; PCDHA4; PCMTD2; PILRA; POU2AF1; PPP1R15A; PREX1; RALGAPB; RLF; RNF103; SAMHD1; SOCS7; STN1; STT3B; TGFBR1; TGS1; TRIM35; TRMT2A; TRMT6; UBE2T; VWA7; ZFP64; ZMYM3; nontargeting_16_2; nontargeting_45_1; nontargeting_46_1; nontargeting_50_2; nontargeting_56_2	53	None	0.0	0.0				
37	AAGAB; ACTR5; BRD4; CCDC174; CCNL1; CPSF1; CPSF2; CPSF3; DDX49; DIDO1; DNAJA1; FCHO2; FNBP4; FOSL1; GTSE1; HAUS1; HAUS2; HAUS7; HNRNPL; KIAA0100; KPNA2; LARP4; LDLR; MED1; MED24; MYBL2; MYC; NDC1; PAXBP1; PHF23; POP1; RPP14; RTF2; SH3GL1; SMTN; SRRM2; SSU72; SUGP1; SYMPK; TFIP11; TM9SF4; TPX2; TRIM28; TSSK2; TUBG1; TUBGCP2; TUBGCP3; TUBGCP4; TUBGCP6; WDR33; XYLT2; ZNHIT3; ZSWIM8	53	CORUM, KEGG	0.02104499274310595	29.0	6.0	AHCYL1-CPSF complex, BRD4 complex, Cleavage and polyadenylation factor (CPSF), Gamma-tubulin complex, HAUS augmin-like complex, Polyadenylation complex (CSTF1, CSTF2, CSTF3, SYMPK CPSF1, CPSF2, CPSF3)	2.0	KEGG_MEDICUS_REFERENCE_BRANCHING_MICROTUBULE_NUCLEATION, KEGG_MEDICUS_REFERENCE_MICROTUBULE_NUCLEATION
38	AGAP4; AGAP5; AGAP9; ATAD5; BARD1; CDC45; CDC6; CDC7; CHAF1A; CHAF1B; CLSPN; DCLRE1B; DDB1; DONSON; DTL; DTYMK; FAM25A; FAM25C; H2AC13; H2AC19&H2AC18; H3C14&H3C15; HNRNPC; ISCU; LRR1; MCM10; MMS22L; MTBP; NPAT; ORC1; ORC6; PCNA; POLA1; POLE; POLE2; PPM1D; PRIM1; RAD51; REV3L; RPA1; RPA2; RPA3; RRM1; RRM2; RTEL1; SKP2; SLBP; TICRR; TIMELESS; TIPIN; TONSL; TOPBP1; TRAIP	52	CORUM, KEGG, STRING	0.05656108597285068	75.0	12.0	BLM complex II, DNA synthesome complex, breast cancer MCF7 cells, DNA synthesome complex, breast cancer cells, DNA synthesome complex, leukemia cells, DONSON-MCM2-MCM7-PCNA-TICRR complex, MMS22L–TONSL complex, RC complex, G2/M-phase-specific, RC complex, S-phase-specific, RPA complex, RPA1-RPA2-RPA3-XPA complex, RRM1-RRM2 complex, Tim-Tipin complex	11.0	KEGG_MEDICUS_REFERENCE_ATR_SIGNALING, KEGG_MEDICUS_REFERENCE_CORE_NER_REACTION, KEGG_MEDICUS_REFERENCE_DNA_END_RESECTION_AND_RPA_LOADING, KEGG_MEDICUS_REFERENCE_DNA_REPLICATION_LICENSING, KEGG_MEDICUS_REFERENCE_HOMOLOGOUS_RECOMBINATION, KEGG_MEDICUS_REFERENCE_HOMOLOGOUS_RECOMBINATION_IN_ICLR, KEGG_MEDICUS_REFERENCE_LONG_PATCH_BER, KEGG_MEDICUS_REFERENCE_MISMATCH_REPAIR, KEGG_MEDICUS_REFERENCE_ORIGIN_UNWINDING_AND_ELONGATION, KEGG_MEDICUS_REFERENCE_PRE_IC_FORMATION, KEGG_MEDICUS_REFERENCE_RAD51_DSDNA_DESTABILIZATION
39	AGBL5; ALDH18A1; AP1G2; ATIC; BCL2L2; C14orf93; CDH24; CFLAR; COX16; COX18; CTDSP1; DHRS4; DNAAF2; DTD2; GLS; GMPS; GTF3C6; GZMH; JPH4; KLF7; LRP10; LRP1B; LTB4R; LTB4R2; METTL17; MRPL52; NBEAL1; NEMF; NFATC4; OR4K1; OXA1L; PDSS2; PRMT5; PRORP; PSME1; RBM23; REC8; RFK; RNF31; SHOX2; SLC25A22; SLC30A9; STRN3; SYS1; TAZ; TIMM9; TSSK4; TTC5; ZC3H8; ZFHX2; ZNF219; nontargeting_7_3	52	None	0.0015082956259426848	2.0				
40	ABCG1; ADAMTS7; ARVCF; BORA; C19orf84; CCDC157; CCDC47; CENPT; CHGB; CORO6; DDX39A; DHX29; E2F6; EAPP; EPB41L3; GPC2; HCLS1; HSCB; KCTD2; LIG3; MAFG; MIS12; MIS18BP1; MLLT6; NDE1; NDUFAF4; NYNRIN; OR4D1; P3H4; PATZ1; PDCD6IP; POLQ; PPIE; PRODH; RABL2B; RARRES2; RASD2; RASL10A; RPIA; RTL10; SCRN2; SLC25A18; SLC5A1; ST13; STAB1; TMEM97; TOB2; TXNRD2; UQCRB; USP17L21; ZMIZ1; ZNF74	52	None	0.0	0.0				
41	BAP1; CA5A; CCDC78; CHERP; CIAO3; CLP1; COIL; CTCF; DHX15; FAM104B; FBXL19; GAGE12J; GATA1; IFT140; INO80E; KDM5C; MBD3L5; MBTPS1; NPIPA1; NPIPA3; NPIPA5; NPIPB13; NPIPB6; NPIPB8; NSMCE1; NUBP1; NUDT4; NUDT4B; PCF11; PGK1; PLA2G10; POLD2; PPP4C; PRSS53; RBM17; SLC35A2; SLC38A5; SLX1A; SRF; SSX2B&SSX2; SULT1A4&SULT1A3; THUMPD1; TIPRL; TLCD3B; TOMM20; TP53TG3C; TP53TG3D; U2SURP; XRCC5; ZC3H4; ZNF629; ZNF720	52	None	0.006787330316742082	9.0				
42	ANO2; ASS1; BAZ1B; BICDL2; BRD9; C8orf33; CACNA1S; CAP1; CEPT1; CIAPIN1; COMMD5; CRAMP1; DPPA2; EEF1D; FAM92B; FLYWCH1; GAPDH; GGT1; GNB3; GON4L; HIGD1A; HNRNPA1L2; HSF1; KIFC2; KLHL34; LYPD2; MAF1; MIGA2; MRPL36; MRPL51; NRBF2; OTOF; OTX1; PALB2; PARP10; PDCD6; PEX10; PEX5; PYROXD1; RTKN; SCRT1; SDHA; SLC39A4; SLC52A2; SSR2; TOP1MT; TRIP13; TSTA3; USP10; YARS2; ZNF696	51	None	0.000784313725490196	1.0				
43	BUD23; DDX10; DHX37; EIF3A; EIF3B; EIF3CL; EIF3G; EIF3I; FAU; FCF1; HSPA5; IMP4; LTV1; NOB1; NOL6; PNO1; RCL1; RPS10; RPS11; RPS12; RPS13; RPS14; RPS15; RPS15A; RPS16; RPS17; RPS18; RPS19; RPS2; RPS20; RPS21; RPS23; RPS24; RPS25; RPS26; RPS27; RPS27A; RPS28; RPS29; RPS3; RPS3A; RPS4X; RPS5; RPS6; RPS7; RPS8; RPS9; RPSA; UTP11; UTP3	50	CORUM, KEGG, STRING	0.6816326530612244	835.0	9.0	40S ribosomal subunit, cytoplasmic, EIF3 complex (EIF3A, EIF3B, EIF3G, EIF3I, EIF3C), EIF3 complex (EIF3A, EIF3B, EIF3G, EIF3I, EIF3J), EIF3 complex (EIF3B, EIF3G, EIF3I), EIF3 core complex (EIF3A, EIF3B, EIF3G, EIF3I), Nop56p-associated pre-rRNA complex, Ribosome, cytoplasmic, eIF3 complex (EIF3S6, EIF3S5, EIF3S4, EIF3S3, EIF3S6IP, EIF3S2, EIF3S9, EIF3S12,  EIF3S10, EIF3S8,  EIF3S1, EIF3S7), eIF3 complex (EIF3S6, EIF3S5, EIF3S4, EIF3S3, EIF3S6IP, EIF3S2, EIF3S9, EIF3S12,  EIF3S10, EIF3S8,  EIF3S1, EIF3S7, PCID1)	1.0	KEGG_MEDICUS_REFERENCE_TRANSLATION_INITIATION
44	ACTR2; ACTR3; ARF4; ARPC2; ARPC3; ARPC4; BCAR1; BRK1; CDC42; COP1; CRKL; CSE1L; CYFIP1; DDX3X; FERMT2; ILK; ITGAV; ITGB1; ITGB5; KANSL1; KANSL2; KANSL3; KAT8; KPNB1; LIMS1; MARK2; MCRS1; NCBP1; NCBP2; NCKAP1; NUP214; NUP88; NUTF2; PTK2; PXN; RAB10; RAC1; RANBP2; RAPGEF1; RBM8A; RNF41; RSU1; SEC61A1; SEC61G; SFPQ; SRRT; TLK2; TLN1; TNS3; XPO1	50	CORUM, KEGG, STRING	0.05959183673469388	73.0	10.0	Arp2/3 protein complex, CBC complex (cap binding complex), ITGAV-ITGB1 complex, ITGAV-ITGB5 complex, ITGB5-PTK2 complex, NCBP1-NCBP2-PHAX-RAN-XPO1 complex, NSL complex, PXN-ITGB5-PTK2 complex, Polycystin-1 multiprotein complex, WAVE2 complex	20.0	KEGG_MEDICUS_PATHOGEN_ESCHERICHIA_EAE_TIR_TCCP_TO_ACTIN_SIGNALING_PATHWAY, KEGG_MEDICUS_PATHOGEN_ESCHERICHIA_EAE_TIR_TO_ACTIN_SIGNALING_PATHWAY, KEGG_MEDICUS_PATHOGEN_ESCHERICHIA_ESPT_TO_RAC_SIGNALING_PATHWAY, KEGG_MEDICUS_PATHOGEN_ESCHERICHIA_MAP_TO_CDC42_SIGNALING_PATHWAY, KEGG_MEDICUS_PATHOGEN_HCMV_US27_TO_CXCR4_GNB_G_PLCB_PKC_SIGNALING_PATHWAY, KEGG_MEDICUS_PATHOGEN_SALMONELLA_SOPB_TO_ARNO_ARF_ACTB_G_SIGNALING_PATHWAY, KEGG_MEDICUS_PATHOGEN_SALMONELLA_SOPE_TO_RAC_SIGNALING_PATHWAY, KEGG_MEDICUS_PATHOGEN_SHIGELLA_IPAB_C_D_TO_ITGA_B_TALIN_VINCULIN_SIGNALING_PATHWAY, KEGG_MEDICUS_PATHOGEN_SHIGELLA_IPAC_TO_ACTIN_SIGNALING_PATHWAY, KEGG_MEDICUS_PATHOGEN_SHIGELLA_IPGD_TO_ARNO_ARF_ACTB_G_SIGNALING_PATHWAY, KEGG_MEDICUS_REFERENCE_ARNO_ARF_ACTB_G_SIGNALING_PATHWAY, KEGG_MEDICUS_REFERENCE_EGF_EGFR_ACTIN_SIGNALING_PATHWAY, KEGG_MEDICUS_REFERENCE_ITGA_B_FAK_CDC42_SIGNALING_PATHWAY, KEGG_MEDICUS_REFERENCE_ITGA_B_FAK_RAC_SIGNALING_PATHWAY, KEGG_MEDICUS_REFERENCE_ITGA_B_RHOGAP_RHOA_SIGNALING_PATHWAY, KEGG_MEDICUS_REFERENCE_ITGA_B_RHOGEF_RHOA_SIGNALING_PATHWAY, KEGG_MEDICUS_REFERENCE_ITGA_B_RHOG_RAC_SIGNALING_PATHWAY, KEGG_MEDICUS_REFERENCE_ITGA_B_TALIN_VINCULIN_SIGNALING_PATHWAY, KEGG_MEDICUS_REFERENCE_NUCLEAR_EXPORT_OF_MRNA, KEGG_MEDICUS_REFERENCE_TIGHT_JUNCTION_ACTIN_SIGNALING_PATHWAY
45	ALG1L; ANKRD20A2; ATP5MF; BRCA1; CIP2A; DDX11; DNAJC8; DPPA3; EEF2KMT; FABP5; FAM72A; FRG2C; H2AC14; ISCA1; KRT8; KRTAP2-3; KRTAP4-2; KRTAP4-8; LCE3A; LRRC37A3; MT1E; MT1G; MT2A; MTRNR2L1; OR4F4; PRPF3; PRR13; SERBP1; SPATA31A5; SPATA31A7; SPI1; SPRTN; SUPT6H; TBC1D3; TBC1D3B; TBC1D3C; TBC1D3F; TBC1D3G; TBC1D3H; TERF1; TINF2; TMSB10; TUBB8B; TWF1; USP17L12; USP17L19; USP17L5; VCX3A; YWHAZ; ZNHIT1	50	None	0.0008163265306122449	1.0				
46	ACTR6; AFDN; ARMH3; ATP1A1; BRD1; CNOT4; CSTF2; DBR1; DCTN1; DCTN2; DENR; DET1; EXOSC1; GOLGA8B; HDLBP; LIPT2; MBNL1; MRPS22; MTO1; NANOS1; NKAPD1; NPM3; OST4; PANK3; PDCD2L; PIGB; PIGX; RAB11A; REXO2; SDHAF4; SGPP1; SLC22A12; SMARCA5; SRP9; SRRD; TAGLN; TESK1; TFPT; TMEM165; TMX2; TP53RK; TPM2; TRAPPC2B; TSEN34; UBIAD1; nontargeting_0_1; nontargeting_38_2; nontargeting_40_1	48	None	0.0008865248226950354	1.0				
47	ASPSCR1; BCDIN3D; BICDL1; BUB3; C1orf109; CASTOR3; COQ5; CUX2; DNAH10; EGFR; FASTKD5; FLOT1; GALE; GATAD1; GCSH; GPATCH3; H2BC11; H2BC9; H3-3B; LMAN2; LRRC15; MCM4; MCM5; MMAB; MYD88; PF4; PLEKHH1; PRAMEF12; PRDM4; PRMT1; PSMG4; PTP4A2; PTTG1; RNF20; RNF40; SIRPA; SLC16A5; SNAP29; SNHG32; SPG21; TRIP6; TRMT61A; UBE2A; UMPS; UQCRC1; WAC; WDR5; WSB2	48	None	0.005319148936170213	6.0				
48	ADSS2; ASPM; ATP23; ATRIP; CENPP; COASY; DIAPH3; DIS3L; DNAJC19; ENO1; EPAS1; GPN3; GTF2F2; GTF2H2; GTF2H2C; GTPBP8; HMBS; HNRNPA2B1; HYOU1; MEIS1; MGAT1; MIS18A; MUC20; NAT8; NDUFAF7; PARN; PGP; PIK3R4; RAF1; RPL22L1; RUBCN; SATB2; SOGA3; SOS1; SPAG4; SPICE1; TELO2; TNFRSF12A; TOE1; TP63; TRMT5; TTI2; UBA5; UBFD1; UCHL5; UVSSA; VPS8	47	None	0.0027752081406105457	3.0				
49	ASCC3; C16orf72; CEP164; CINP; CIR1; CNNM3; DMAP1; ERCC3; FAM161B; FBXO42; ITGA4; LAMTOR1; LIPM; MCM6; MRPL14; MRPL2; MRPL9; MRPS10; MRPS12; MRPS18A; MRPS18B; MSH5; NCR3; NDUFB3; NFE2L2; NOP10; NUBPL; NUP35; OR4N2; ORC4; PHF1; PITRM1; PLAC8; POU2F1; QRSL1; RAB18; RASGRP2; RELA; RPRD1B; RTRAF; SAAL1; SLC35B2; SPTBN2; STEAP3; TIMM50; TMX1; VARS2	47	CORUM	0.012950971322849213	14.0	1.0	55S ribosome, mitochondrial		
50	AATF; ABT1; ACTR8; BMS1; BYSL; C1orf131; DDX18; DDX47; DDX52; DIMT1; DYRK1A; EIF3D; EIF3E; EIF3F; EIF3M; EIF4A1; ESF1; FBXO11; HK2; INO80; MOB4; NEPRO; NFRKB; NGDN; NOC4L; NOL10; NOP14; PDCD11; PPRC1; RAE1; RAN; RBIS; RIOK2; RPS19BP1; RRP12; RRP36; RRP7A; RRP9; SRFBP1; TRMT112; TSR1; UTP14A; UTP20; WDR46; YME1L1; ZCCHC9	46	CORUM, STRING	0.13526570048309178	140.0	2.0	AATF-NGDN-NOL10 complex, eIF3 complex (EIF3S6, EIF3S5, EIF3S4, EIF3S3, EIF3S6IP, EIF3S2, EIF3S9, EIF3S12,  EIF3S10, EIF3S8,  EIF3S1, EIF3S7, PCID1)		
51	ACAD8; B4GALT5; BCL2; BRAF; CCDC61; CCDC71L; CCDC96; CDCA4; CEACAM5; FUT11; GATA3; H3C2; HPN; IBA57; IFITM2; IQCE; IRX3; KRTAP19-8; LIMD1; LSM11; MCTS1; MRPS6; NDUFAF5; NINL; NKX2-5; OR1E2; PLXNB3; PPP6R2; PRODH2; PSG8; RAD50; RNASEH2B; RNASEH2C; SDHAF1; SELENOW; SNAPC1; SPATA31A6; TLCD1; TMEM143; TPM4; UBAC2; VPS4B; ZNF728; nontargeting_31_0; nontargeting_36_3; nontargeting_6_2	46	None	0.000966183574879227	1.0				
52	ANKRD52; ATP6AP1; ATP6V0B; ATP6V0D1; ATP6V1B2; ATP6V1C1; ATP6V1G1; BUD13; CDC73; CNEP1R1; CNOT1; CNOT10; CNOT11; CPSF6; CTDNEP1; CTNNBL1; CTR9; DDX17; E4F1; ELOF1; FBXW11; FIBP; HNRNPR; IGBP1; KATNB1; LEO1; NUDT21; PAF1; PPP1R8; PPP2CA; PPP2R1A; PTPN23; SACM1L; SKP1; SNIP1; TNPO3; TRIM37; TSC1; TSC2; VPS37A; WBP11; WDR61; WDR62; WRAP73; ZFP36	45	CORUM, STRING	0.03636363636363636	36.0	8.0	CCR4-NOT complex, CCR4-NOT complex, CNOT7-CNOT6-specific, CCR4-NOT complex, CNOT7-CNOT6L-specific, CCR4-NOT complex, CNOT8-CNOT6-specific, CCR4-NOT complex, CNOT8-CNOT6L-specific, PPP2CA-PPP2R1A complex, Paf complex, TSC1-TSC2 complex		
53	ABCB7; ALG6; ARL8B; ATG4B; BCCIP; BCS1L; C19orf25; C3orf38; CCDC27; CCDC30; CMPK1; CNIH4; CREB5; DHX36; DUSP12; ERICH6B; FAM229A; FOXE3; GEMIN2; GUCA2A; INTS12; LSM10; MICOS10; NAF1; NSUN4; PABPC1L2B&PABPC1L2A; PEX11B; PTPRU; RAB14; RALGPS1; RBM34; RBM5; RXRB; SDHC; SLC25A3; SLC25A48; SLC41A1; SLC7A5; SYNC; TFB2M; TMEM41A; TP53I3; TTC39A; UFM1; ZFP69B	45	None	0.0	0.0				
54	ALG8; ATP5MG; CLASRP; CTNNB1; DACT3; DCPS; DDX46; ENPP7; FAM50A; FOXN3; INS; ISCA2; LAIR1; LENG1; LENG9; MARCHF6; MED25; MRM2; MRPL17; MRPL22; MRPL33; MRPL37; MRPL39; MRPL43; MRPS18C; MTCH2; NDUFA3; NDUFB4; NLRP2; PPIL4; SCO2; SGO1; SLC1A5; SQLE; TEAD1; TEN1; TIMMDC1; TTYH1; UQCRFS1; USP18; WASHC4; WDR92; ZNF143; nontargeting_0_0; nontargeting_1_1	45	CORUM	0.01818181818181818	18.0	2.0	39S ribosomal subunit, mitochondrial, 55S ribosome, mitochondrial		
55	ABHD16A; AGO1; AMY2A; ANP32E; ATP1A2; CDC42SE1; CDH15; CDR2L; CHCHD2; CIAO2B; CMIP; CUL7; EHMT2; ENKD1; ESRP2; FAM189B; FRG2; GEMIN8; H4C11&H4C12; KHDC4; KIF6; LMNB2; LYRM2; MINDY1; MOG; NOS1AP; PBXIP1; PGGT1B; PMF1; PMF1-BGLAP; PMVK; POU5F1; PRUNE1; SEC24A; SLC29A1; SLF2; SMC5; TRIM46; VCPIP1; VPS72; VSX2; ZBTB45; ZDHHC22; ZWINT	44	None	0.0021141649048625794	2.0				
56	ADAT3; ARSA; BLM; CCDC116; CD276; CGB5&CGB8; CHMP4B; CIB2; CNN2; COA6; COX5A; CSPG4; DOCK6; DRG1; DYNLT1; ECSIT; EGLN2; FBXW9; GGA3; HSD11B1L; KCNJ15; MGAT3; NUP188; PALM; PCP2; PLIN1; POLR3H; PRKCSH; PWWP3A; RANBP3; RDH8; SCUBE1; SNX33; SOX10; THG1L; TMEM145; TMEM209; TMEM259; TRMT1; TSEN54; WDR83OS; YPEL1; ZNF253; ZNF714	44	None	0.0010570824524312897	1.0				
57	ARID1A; ATP5F1E; BCAM; CAB39; CDC37; EXT1; GMEB1; GNB1L; GPSM3; HNRNPA0; KDM2B; KIF15; LUC7L2; NAA25; NCOA2; NELFA; NELFCD; NUP155; OGFR; PARD6B; PDS5A; PISD; POLR3C; POLR3D; PRDM10; SCNM1; SMARCB1; TAF1; TAF10; TAF11; TAF12; TAF2; TAF3; TAF4; TAF5; TAF6; TAF7; TAF8; ZBTB2; ZC3H3; ZC3HC1; ZDHHC8; ZFX	43	CORUM, STRING	0.06423034330011074	58.0	11.0	ALL-1 supercomplex, DA complex, DAB complex, MLL1-WDR5 complex, TAF4-TAF12 subcomplex of TFIID complex, TFIID complex, TFIID complex, B-cell specific, TFIID-beta complex, TFTC complex (TATA-binding protein-free TAF-II-containing complex), Transcription initiation factor complex (TAF1, TAF5, TAF11, TAF12, TBP), Transcription initiation factor complex (TAF5, TAF6, TAF9, TAF11, TBP)		
58	ARID3C; ATP5PO; CCNL2; CDCA5; DCTN3; EDC4; ELOA3D; FAM153B; FAM219A; GPRIN2; HIGD2A; HNRNPH3; LIG1; MEIOC; MTRF1L; NAE1; OR4D9; OR8I2; OVCA2; PEX14; PPARGC1B; PRPF18; RBPJ; RFC5; RNF113A; RNF168; RPP25L; RTN3; SAA2; SART3; SIK1; SIK3; SNX15; SSBP1; THOC3; TIMM10; TMEM127; TPBGL; TRIM49B; UBA1; UBA3; UPF1; nontargeting_41_3	43	None	0.0011074197120708748	1.0				
59	ABHD17A; ANKRD20A1; ANKRD20A3; C2orf27B; CBWD1; CBWD2; CBWD3; CD8B; CDC27; CHEK1; DUX4; FAM25G; FCGR1A; FOXD4L1; FOXD4L4; FOXD4L5; FOXD4L6; H3-3A; H3C13; HMGA1; HMGB1; KRT18; KRTAP9-4; NBPF10; NBPF11; NBPF12; NBPF15; OTOP1; PPIAL4A; PPIAL4C; PPIAL4D; PPIAL4G; RBBP8; RPL23A; RPL29; RPL36AL; SPDYE1; SPDYE2; SPDYE2B; TERF2; TRIM43; TRIM49C; TUBA1B	43	None	0.006644518272425249	6.0				
60	BRF2; CDC5L; ECD; IK; LSM2; LSM4; LSM5; LSM6; LSM7; LSM8; MEPCE; MFAP1; NPLOC4; PHF5A; PRPF19; PRPF31; PRPF38A; PRPF4; PRPF6; PSMD13; PSMD4; RBM39; SAP30BP; SF3B4; SF3B6; SLU7; SNRNP200; SNRNP70; SNRPB; SNRPD1; SNRPD2; SNRPD3; SNRPE; SNRPF; SNRPG; SNW1; SRSF2; TXNL4A; U2AF1L5&U2AF1; UBL5; USPL1; YJU2; ZMAT2	43	CORUM, STRING	0.3798449612403101	343.0	23.0	(E.F.G) complex, 12S U11 snRNP, 17S U2 snRNP, 18S U11/U12 snRNP, 20S methylosome and RG-containing Sm protein complex, 6S methyltransferase and RG-containing Sm proteins complex, 6S methyltransferase complex, C complex spliceosome, CDC5L complex, CDC5L-PRPF19 core complex, LSm1-7 complex, LSm2-8 complex, SF3b complex, SMN complex, SMN complex (16 subunits), SMN complex (GEMIN2, SMN1, SNRPB, SNRPDs), SMN complex, U7 snRNA specific, SMN containing complex, Spliceosome, A complex, Spliceosome, B complex, Spliceosome, C complex, Spliceosome, E complex, Spliceosome, pre-B complex		
61	AGO2; BCAS2; CACTIN; CHMP2A; DDX41; DHX38; DNASE2; DROSHA; EPS15L1; ESS2; GAK; GOLGA6A; GOLGA6B; GOLGA6C; GOLGA6D; GOLGA6L1; GOLGA6L10; GOLGA6L6; GOLGA8K; GOLGA8M; GOLGA8N; GOLGA8O; GOLGA8R; H3-5; INCENP; MPP3; MZF1; NIBAN3; NMT1; PPP4R2; PPWD1; PUF60; RAB5C; SDE2; SIN3A; STMN1; SUB1; UBE2Q1; UBE2Q2L; WDR70; WHAMM; YBX2	42	None	0.0023228803716608595	2.0				
62	ANKRD13C; BAZ2A; CENPO; CFAP410; CSF2RB; CTAGE1; CYB5R4; DDX59; FIG4; FOSL2; KIF27; MYLK2; NEFM; NFATC2IP; NT5C; PFDN4; POLR3K; PPM1F; PSPC1; R3HCC1; RAB26; RAB5IF; RAP2A; SEMA3F; SLC4A1AP; SLC7A1; SMCHD1; TM9SF2; TMEM189; TMEM189-UBE2V1; TMEM240; TMEM30A; TPBG; TRIM54; TRIT1; TRNT1; TXNL4B; UGCG; XPOT; ZNF486; ZNF513; nontargeting_59_1	42	None	0.0	0.0				
63	ATP6V1F; C16orf86; CCAR2; CDC25B; CEBPE; CERT1; DEK; DERL1; DGKE; DNAJC11; DNAJC16; DPM1; ESPNL; EXOC3L4; FANCD2; FANCI; GNG13; HCCS; HES6; KCNG4; KIF13B; KRTAP5-9; LYZL4; MAD2L2; MCM9; MRPL28; MRPS34; MTERF3; MYT1L; NDUFAF3; POLE3; POLG; POLR2J2; PPFIA4; PTDSS1; RAD51B; STUB1; TSEN2; TTC1; TUFM; TYMS; ZNF771	42	None	0.0023228803716608595	2.0				
64	ARGFX; ATP6V1D; ATP6V1E1; BCAP31; BORCS7; CARNMT1; CBLN1; CES2; CFAP20; COMT; CRYBB3; CRYGB; DDTL; ELP1; ELP2; ELP3; ELP4; FBXO7; GEMIN6; GSTM3; HSD11B2; KCNG1; MAPRE1; MCMBP; MFSD14A; MOCS3; PIAS1; PIP4K2B; RAMAC; RANBP10; RNASEH1; RPS6KB1; RTCB; SH3BP1; SPTLC2; SUCLG1; TTC37; UBQLN1; UNC79; USP32; USP37; WDR7	42	CORUM	0.008130081300813009	7.0	3.0	Elongator complex (ELP1, ELP2, ELP3, ELP4, ELP5, ELP6), Elongator core complex, Elongator holo complex		
65	CCDC51; CNOT9; CTU1; CTU2; DPH3; EEF1A1; EIF1AX; EIF2B2; EIF2B3; EIF2B4; EIF2B5; EIF2S1; EIF2S2; EIF2S3; EIF4E; ETF1; FARSB; GBF1; GRPEL1; HARS1; HSPA9; IARS1; KARS1; LARS1; MAT2A; NARS1; PAPOLA; PHB; PHB2; PPP1R15B; PRELID1; PRELID3B; QARS1; RPL12; SARS1; SLC20A1; TIMM23; TIMM44; URM1; VARS1; YARS1; ZPR1	42	CORUM, KEGG, STRING	0.0627177700348432	54.0	7.0	COA3-HSPA9-TIMM44-TIM23(sort) complex, mitochondrial, DNA-PK-Ku-eIF2-NF90-NF45 complex, EIF2B1-EIF2B2-EIF2B3-EIF2B4-EIF2B5 complex, EIF2B2-EIF2B3-EIF2B4-EIF2B5 complex, Multisynthetase complex, TIM23(motor) subcomplex (GRPEL1, GRPEL2, HSPA9, TIMM44), mitochondrial, TIM23(motor) subcomplex (GRPEL1, HSPA9), mitochondrial	1.0	KEGG_MEDICUS_REFERENCE_PKR_EIF2ALPHA_SIGNALING_PATHWAY
66	AHCYL1; BNIP1; CEP350; COG8; DHFR; EPRS1; FKBPL; GART; GET4; HECTD1; IPO9; KCMF1; LAMTOR2; LAMTOR3; MAPKAP1; MBTD1; NOL12; PABPN1; PFAS; PIM1; PIM2; PLK4; PPAT; PPP1CC; PPP2R3C; PREB; RNF25; RRAGC; SASS6; SCAF11; SCFD1; SETX; STIL; STX18; SYNCRIP; TEX10; TMEM41B; UBR4; VMP1; WDR55; YKT6	41	None	0.018292682926829267	15.0				
67	AREL1; ARPP19; ASB6; C9orf16; CA7; CASTOR2; CDK1; CDK10; CHMP1A; CLDN6; CPNE7; DOLPP1; EXOC3; FPGS; FTH1; GOLGA2; GPATCH8; GRASP; ILF2; LCN6; MASTL; MRGPRE; MRPL50; MTA2; NUDC; PIGQ; RAB6D; RFWD3; RPLP1; SARDH; SEC61B; SLX4; SPTB; STRAP; TDGF1; TEAD4; THAP12; TRUB2; UBE2L3; ZBTB7B; ZRANB2	41	None	0.0012195121951219512	1.0				
68	CHP1; CMYA5; CPOX; DFFB; DNAJB12; DPH1; EPHA5; FDX1; FITM1; FNTB; GNB1; HELQ; HRC; INS-IGF2; IRF8; LSR; MARCHF5; MEPE; MFRP; MRPL1; MRPL23; MYRIP; NOCT; OR7G2; OSGEP; POLG2; PTCHD4; RARS2; RNF214; RPUSD4; SIGLEC14; SPTLC1; SPTSSA; SRD5A3; TRAF3IP1; XRCC4; ZGRF1; ZNF24; nontargeting_30_3; nontargeting_43_2; nontargeting_52_3	41	None	0.0012195121951219512	1.0				
69	AFG3L2; ALDOA; BPTF; BRF1; CBLL1; CCDC84; CDV3; CHTOP; COG1; CPSF4; CSTF1; CSTF3; DARS1; EIF5; FARSA; FURIN; GUK1; HEATR6; IGF1R; IRS2; JMJD6; NRBP1; PGD; PIK3CA; POLR3A; POLR3B; POLR3E; POLR3F; PPP1R10; PPP2R2A; PTP4A1; RARS1; ROMO1; SLTM; TNPO1; TSC22D2; WNK1; YRDC; ZBTB17; ZNF638	40	CORUM	0.020512820512820513	16.0	1.0	RNA polymerase III complex		
70	ADGRG1; AGBL4; ARHGEF5; C12orf10; CHCHD4; CLK3; COQ6; COX6C; CUX1; EML6; FAM43B; FBXO21; FDFT1; HTRA2; IFNLR1; INHBE; MAPK15; MON2; MRPL13; MRPL42; MRPL53; MRPS28; MYL6B; NARS2; NDUFB10; NELFB; PIK3C3; PMM2; PRMT7; SECISBP2; SHLD1; SLC22A17; SLC39A5; STXBP1; TEF; THOC6; TTLL11; UQCRC2; ZC3H10; ZNF559	40	None	0.007692307692307693	6.0				
71	ALAS1; ARHGEF28; BCR; CDC25A; COL7A1; CSPG5; DGCR6L; FBXW12; GFM2; HAAO; HIC2; ITIH4; KCNJ4; KLHL22; KTI12; LCN10; MRPS36; MRTFA; MSTO1; NME6; OR10A4; PFKFB4; PGS1; PRAME; RMND5A; RPUSD3; SCAF4; SEPHS1; SFTPB; SHQ1; SLC25A1; SLC25A26; STRN; TPTE2; TXN2; VPS45; WDR77; YAE1; ZBTB12; ZNF169	40	None	0.0	0.0				
72	ACTR1A; ATP2B1; C17orf97; C18orf21; C2orf68; C4orf19; CELF1; COX10; COX6A1; DCTN4; DCTN5; DCTN6; DYNC1H1; DYNC1I2; DYNC1LI1; DYNC1LI2; DYNLRB1; FAM207A; FASN; GPI; H1-3; HARS2; HASPIN; HTR7; IPO4; NADK; NRDE2; OPN4; OR3A3; PACS2; PAFAH1B1; PAX5; PEX26; PPA2; RNF121; RPP38; TMED9; TUB; USP17L13; nontargeting_56_1	40	KEGG, STRING	0.03333333333333333	26.0			5.0	KEGG_MEDICUS_REFERENCE_DYNEIN_RECRUITMENT_TO_THE_KINETOCHORE, KEGG_MEDICUS_REFERENCE_RAB7_REGULATED_MICROTUBULE_MINUS_END_DIRECTED_TRANSPORT, KEGG_MEDICUS_REFERENCE_RETROGRADE_AXONAL_TRANSPORT, KEGG_MEDICUS_VARIANT_MUTATION_CAUSED_ABERRANT_HTT_TO_RETROGRADE_AXONAL_TRANSPORT, KEGG_MEDICUS_VARIANT_MUTATION_CAUSED_ABERRANT_SOD1_TO_RETROGRADE_AXONAL_TRANSPORT
73	ALMS1; ARID5A; CCNB1; CENPI; CEP68; CIAO1; CLEC18C; DDOST; FOXG1; GFPT1; GNAQ; GNAZ; GNG5; GOT2; JAZF1; MOGS; MTHFD2; MTIF2; NAGK; NR4A2; NSL1; OR11H1; PC; PGM5; PRKAA1; RBM18; REEP1; RGPD4; RNF181; SLC4A5; STAMBP; SUN2; TPRKB; UGP2; UXS1; VDAC2; VPS54; WBP1; ZC3H7B; ZNF138	40	None	0.002564102564102564	2.0				
74	AAMP; RPL10; RPL10A; RPL11; RPL13; RPL13A; RPL14; RPL15; RPL17; RPL17-C18orf32; RPL18; RPL18A; RPL19; RPL23; RPL24; RPL26; RPL27; RPL27A; RPL3; RPL30; RPL31; RPL32; RPL34; RPL35; RPL35A; RPL37; RPL37A; RPL38; RPL39; RPL4; RPL5; RPL6; RPL7; RPL7A; RPL7L1; RPL8; RPL9; RPLP0; UBA52	39	CORUM, KEGG, STRING	0.8920377867746289	661.0	5.0	60S ribosomal subunit, cytoplasmic, Nop56p-associated pre-rRNA complex, Ribosome, cytoplasmic, TNF-alpha/NF-kappa B signaling complex 6, TRBP containing complex (DICER, RPL7A, EIF6, MOV10 and subunits of the 60S ribosomal particle)	1.0	KEGG_MEDICUS_REFERENCE_TRANSLATION_INITIATION
75	ACHE; ANKRD35; ATP6V0E1; ATXN1; BHLHA15; BPNT1; BRCA2; C1orf74; CARS1; CHCHD3; CLEC3B; DHFR2; DPH5; FAM185A; GIGYF1; GTF2IRD2; HMGN2; HNRNPCL4; IL12RB2; IMPDH1; LCE1E; LMOD1; MST1; MYCBP; MYOC; NBPF3; NCOA4; NYAP1; OR2T29; OXCT2; PRAMEF13; PRAMEF17; PRAMEF9; RAB13; TMEM130; TRIM74; TRNAU1AP; TYW1B; USP19	39	None	0.0	0.0				
76	AHCY; ALS2CL; ATP5MGL; BSG; CCDC6; CCND2; CCR10; CDC123; COX15; CPEB3; DNAJC9; EGR2; EMC7; EVC2; F3; FOXD4; GNA11; ICAM3; KHSRP; MICU1; MTG2; MTHFD1L; NDUFC2; NEUROG3; POLE4; PSAP; PSTK; SAFB; SFR1; SLC38A7; SP5; SRP68; TANGO6; TWNK; UNC5B; UROS; WASHC2C; WASHC5; nontargeting_34_2	39	None	0.001349527665317139	1.0				
77	ARIH1; BTBD9; BTF3; CAND1; CAPZB; CFL1; CNOT2; CNOT3; CS; CUL3; EIF4G2; KCTD10; MDH2; NACA; NEDD8; PPP1CB; PPP1R12A; PSMC1; PSMC2; PSMC3; PSMC4; PSMC5; PSMC6; PSMD1; PSMD11; PSMD12; PSMD14; PSMD2; PSMD3; PSMD6; PSMD7; PSMD8; RBX1; TARDBP; UBE2M; VCP; WDR1	37	CORUM, KEGG, STRING	0.18618618618618618	124.0	4.0	26S proteasome, CAND1-CUL3-RBX1 complex, PA700 complex, PA700-20S-PA28 complex	8.0	KEGG_MEDICUS_REFERENCE_26S_PROTEASOME_MEDIATED_PROTEIN_DEGRADATION, KEGG_MEDICUS_VARIANT_MUTATION_CAUSED_ABERRANT_ABETA_TO_26S_PROTEASOME_MEDIATED_PROTEIN_DEGRADATION, KEGG_MEDICUS_VARIANT_MUTATION_CAUSED_ABERRANT_HTT_TO_26S_PROTEASOME_MEDIATED_PROTEIN_DEGRADATION, KEGG_MEDICUS_VARIANT_MUTATION_CAUSED_ABERRANT_SNCA_TO_26S_PROTEASOME_MEDIATED_PROTEIN_DEGRADATION, KEGG_MEDICUS_VARIANT_MUTATION_CAUSED_ABERRANT_SOD1_TO_26S_PROTEASOME_MEDIATED_PROTEIN_DEGRADATION, KEGG_MEDICUS_VARIANT_MUTATION_INACTIVATED_UBQLN2_TO_26S_PROTEASOME_MEDIATED_PROTEIN_DEGRADATION, KEGG_MEDICUS_VARIANT_MUTATION_INACTIVATED_VCP_TO_26S_PROTEASOME_MEDIATED_PROTEIN_DEGRADATION, KEGG_MEDICUS_VARIANT_SCRAPIE_CONFORMATION_PRPSC_TO_26S_PROTEASOME_MEDIATED_PROTEIN_DEGRADATION
78	AMER2; BCL9L; CFAP298; CHAMP1; DNAJB1; E2F1; ERCC2; ERG; FBXO28; GAB1; GALP; GEMIN5; GET1; GTF3A; KAT14; KRTDAP; LMTK3; MCF2L; MIB1; MIEN1; MUC6; MX1; NOSIP; OGA; PHF20; RAB3A; RAD54L2; SHMT1; STK11; SUDS3; TBCB; TRA2B; UBE2L5; VPS36; nontargeting_18_2; nontargeting_28_3; nontargeting_29_3	37	None	0.0	0.0				
79	ANAPC1; ANAPC4; ANAPC5; AQP7; BANF1; CDC16; CDC23; CDC26; CEBPB; CENPA; CENPC; CENPH; CENPK; CENPL; CENPM; CENPN; CENPW; CEP85; CLTC; DLGAP5; HAUS3; HAUS4; HAUS5; HAUS6; HAUS8; KIF18A; LENG8; NCAPG2; NEDD1; NUF2; RCC1; SKA1; SKA2; SKA3; SPC25; TACC3	36	CORUM, KEGG, STRING	0.09523809523809523	60.0	10.0	APC/C complex, APC/C complex, 1.5 MDa, APC/C-ANAPC16 complex, Anaphase-promoting complex, CEN complex, CENP-A NAC complex, CENP-A NAC-CAD complex, CENP-A nucleosomal complex, CENP-H-I complex, HAUS augmin-like complex	8.0	KEGG_MEDICUS_PATHOGEN_HTLV_1_TAX_TO_SPINDLE_ASSEMBLY_CHECKPOINT_SIGNALING, KEGG_MEDICUS_REFERENCE_BRANCHING_MICROTUBULE_NUCLEATION, KEGG_MEDICUS_REFERENCE_COHESIN_DISSOCIATION_IN_ANAPHASE, KEGG_MEDICUS_REFERENCE_DEPHOSPHORYLATION_OF_KINETOCHORE, KEGG_MEDICUS_REFERENCE_DISASSEMBLY_OF_MCC, KEGG_MEDICUS_REFERENCE_ORGANIZATION_OF_THE_INNER_KINETOCHORE, KEGG_MEDICUS_REFERENCE_ORGANIZATION_OF_THE_OUTER_KINETOCHORE, KEGG_MEDICUS_REFERENCE_SPINDLE_ASSEMBLY_CHECKPOINT_SIGNALING
80	ATP5F1B; ATP5F1C; ATP5ME; CLPX; COX17; CYC1; DMAC1; EIF4ENIF1; GATC; GFM1; KRAS; KRTAP4-5; LRPPRC; MORF4L1; MRPL12; MRPL18; MRPL19; MRPL46; MRPL55; MRPL57; MRPL58; MRPS33; MRPS35; MTF1; NDUFA11; NDUFA6; NDUFA9; NDUFB2; NDUFB7; NDUFB9; NDUFC1; NDUFS1; NDUFV2; PSMG3; RAD23B; SLC25A51	36	CORUM, KEGG, STRING	0.10793650793650794	68.0	6.0	39S ribosomal subunit, mitochondrial, 55S ribosome, mitochondrial, Respiratory chain complex I (holoenzyme), mitochondrial, Respiratory chain complex I (incomplete intermediate), mitochondrial, Respiratory chain complex I (intermediate VII/650kD), mitochondrial, Respiratory chain complex I (intermediate), mitochondrial	6.0	KEGG_MEDICUS_REFERENCE_ELECTRON_TRANSFER_IN_COMPLEX_I, KEGG_MEDICUS_REFERENCE_MITOCHONDRIAL_COMPLEX_UCP1_IN_THERMOGENESIS, KEGG_MEDICUS_VARIANT_MUTATION_CAUSED_ABERRANT_ABETA_TO_ELECTRON_TRANSFER_IN_COMPLEX_I, KEGG_MEDICUS_VARIANT_MUTATION_CAUSED_ABERRANT_SNCA_TO_ELECTRON_TRANSFER_IN_COMPLEX_I, KEGG_MEDICUS_VARIANT_MUTATION_CAUSED_ABERRANT_TDP43_TO_ELECTRON_TRANSFER_IN_COMPLEX_I, KEGG_MEDICUS_VARIANT_MUTATION_INACTIVATED_PINK1_TO_ELECTRON_TRANSFER_IN_COMPLEX_I
81	ALAD; ANKS6; ARHGEF4; ASF1A; BET1; C1D; CDYL; CHCHD5; CHORDC1; CTDSPL2; CXCL1; DCAF4; DR1; GNB2; HOXD13; INO80D; KAT6B; LETM1; MFSD13A; NACAD; NPC1L1; NUMA1; PELP1; PHKG1; PRKRA; RBM4; RER1; SERF2; SETD5; STAC3; TBC1D16; VCL; VRTN; WARS2; WIPF1; ZEB2	36	None	0.0	0.0				
82	ACBD3; ACSL3; C4A; CHRNG; COQ3; CT45A7; CXorf56; CYP26A1; DARS2; HSPA1A; JUN; KRTAP15-1; LTB; MBTPS2; MCM3; MPZL1; NCAPD3; NOS1; PARS2; PEX6; PPP1R35; RABGGTB; RILPL1; RSPH4A; SMIM29; SPAST; SRPK3; SRSF10; TDP2; TIMM17A; TUBB2A; TUBE1; VRK1; nontargeting_39_1; nontargeting_48_3	35	None	0.0	0.0				
83	AGPAT1; AK6; AMHR2; ANKLE2; ARF6; ARHGAP11B; AXIN1; BAG6; CDK12; DEPDC1; DEXI; DNM1L; DOT1L; FAM83H; GLI4; HDAC7; KNL1; KRT78; LMNA; MAPK14; OTUD5; PCGF6; RAB7A; RREB1; SENP1; SNX17; SPATS2; SS18L2; TAF13; UBR5; UNC45A; VPREB1; ZBTB7A; ZC3H11A; ZNF705A	35	None	0.0	0.0				
84	C17orf50; CHMP7; COA3; CPD; DLX3; ERBB2; EVPL; FANCF; FANCG; GPR179; H2AC7; HIF1AN; HSP90AB1; IDH3A; IPO11; JMJD1C; KRI1; MRPL54; MRPS23; MUC16; N6AMT1; NCLN; NSMCE3; OR1D2; PDCD5; PEX12; PIGO; PIGS; PIGW; POTED; PRAM1; RNASEK; SMARCE1; TP53I13	34	None	0.0053475935828877	3.0				
85	ANAPC10; ANAPC11; ANAPC2; ANKRD11; ATRX; ATXN7L3; BASP1; BTAF1; CCNA2; CCNF; DAXX; EEF2; EIF3C; ENY2; FBXW7; FZR1; H2AZ1; LIN37; LIN52; LIN54; LIN9; MIDN; NACC1; PKMYT1; RBBP4; RBBP7; RBM10; SPEN; SRCAP; STK40; TRIM33; UBE2D3; ZBTB39	33	CORUM, KEGG, STRING	0.045454545454545456	24.0	6.0	ATRX-DAXX complex, LINC complex, S-phase, LINC complex, quiescent cells, LINC core complex, MYBL2-LIN9-LIN37-LIN52-LIN54 complex, dREAM-like complex	4.0	KEGG_MEDICUS_PATHOGEN_HTLV_1_TAX_TO_SPINDLE_ASSEMBLY_CHECKPOINT_SIGNALING, KEGG_MEDICUS_REFERENCE_COHESIN_DISSOCIATION_IN_ANAPHASE, KEGG_MEDICUS_REFERENCE_DISASSEMBLY_OF_MCC, KEGG_MEDICUS_REFERENCE_SPINDLE_ASSEMBLY_CHECKPOINT_SIGNALING
86	ACTG2; ATG9A; BICRA; BOD1L1; CCP110; ELOA; EPG5; FANCL; H2AB3; IPMK; IPPK; ITPK1; KDM1A; LMO7; NCOA5; NSFL1C; PCED1A; PRKAR2A; PRR30; PSMF1; RNF103-CHMP3; SDHB; SEM1; SMARCC1; SMARCD1; SPCS3; SUGT1; SYNJ2; TPH2; TRIAP1; VPS33A; ZNF205	32	None	0.012096774193548387	6.0				
87	AGPAT5; ANKRD36B; ASCL5; BCL2L1; COMMD8; COPS9; DENND2A; DHRSX; ERAL1; FOXN4; GALK1; HJURP; HLA-C; HRCT1; LURAP1L; MAGEA4; MLLT1; NDUFB11; PDE12; PDXK; PUS1; RMND1; SARNP; SGPL1; TFAP2C; TRIM52; ZFYVE21; ZNF675; nontargeting_23_2; nontargeting_59_0	30	None	0.0	0.0				
88	AQR; BUD31; CDC40; CRNKL1; CWC22; DHX8; DUT; EFTUD2; ISY1; ISY1-RAB43; PLRG1; POLA2; POLD3; PRPF8; RBM22; RPAIN; SF3A1; SF3A2; SF3A3; SF3B1; SF3B2; SF3B3; SF3B5; SMU1; SNRPA1; SNU13; SYT15; TUT1; USP39; XAB2	30	CORUM, STRING	0.4160919540229885	181.0	14.0	17S U2 snRNP, 18S U11/U12 snRNP, AQR-ISY1-PPIE-PRPF19-XAB2-ZNF830 complex, C complex spliceosome, CDC5L complex, ISY1-PRPF19-XAB2 complex, PPIE-AQR-XAB2-ISY1-ZNF830 complex, SF3A1-SF3A2-SF3A3 complex, SF3b complex, Spliceosome, A complex, Spliceosome, B complex, Spliceosome, C complex, Spliceosome, E complex, Spliceosome, pre-B complex		
89	CARD10; CHM; DIAPH2; EIF3K; EIF3L; EMC3; EMC6; MAN1C1; MMGT1; NBAS; OGFOD1; OR8A1; PRLHR; PSME2; RAB4A; SEC23B; SLIRP; STARD8; TMEM63A; UBE2K; WBP1L; YIPF5; YIPF6; ZW10; nontargeting_21_3; nontargeting_40_0; nontargeting_45_2; nontargeting_57_1; nontargeting_61_3	29	CORUM	0.012315270935960592	5.0	2.0	ER membrane protein complex (EMC8), ER membrane protein complex (EMC9)		
90	ACIN1; AGAP2; ARHGAP9; ATG2A; CDK4; DDIT3; DIPK1A; EIF4E2; EMSY; FBXL18; FETUB; GCN1; GIGYF2; GLI1; MRE11; NDUFA5; NDUFA8; NDUFB5; OS9; PAN2; PEX13; RABGGTA; RHOF; SHMT2; SLC26A10; SLC2A1; SPRYD4; TSFM; UNC119B	29	None	0.009852216748768473	4.0				
91	ANAPC13; ANAPC15; AP1G1; ARID3B; AZIN1; BEND3; BTBD17; C1QTNF1; DDT; DDX19B; ETV6; GAB2; GNPNAT1; KLHL7; LONP1; NDUFAF8; POTEC; PYCR1; RIOK1; SH3PXD2A; SPDL1; THRSP; TOP3B; TPI1; UBE2C; UBE2S; YAP1; ZYX	28	None	0.015873015873015872	6.0				
92	ATR; BRPF1; CCNH; GTF2E1; GTF2E2; GTF2H1; H2AX; H2BC15; HNRNPD; HYPK; KAT6A; MED11; MED18; MED19; MED22; MED29; MED9; METTL14; METTL3; NAA10; NAA15; NCOR2; PDRG1; UFL1; VIRMA; WTAP; YTHDC1; ZC3H13	28	CORUM, STRING	0.10582010582010581	40.0	10.0	HYPK-NAA10-NAA15 complex, MED18-MED20-MED29 mediator subcomplex, METTL3-METTL14 complex, METTL3-METTL14-WTAP complex, Mediator complex, NAA10-NAA15 complex, NAA10-NAA15_NAA50 complex, TFIIE complex, TRAP-SMCC mediator complex, m(6)A methyltransferase complex		
93	AKIRIN1; ATP2A2; ATP2C1; ATP5PB; CDT1; CHD1; CHTF8; CTPS1; DBF4; DOLK; DRD5; FAM122A; GINS1; GINS2; GINS3; GRID2IP; IGF2BP3; MARCHF9; MCM7; NDUFA4; NOTCH2NLB; PSMB5; SOCS3; SSBP3; TIPARP; WDHD1	26	CORUM, KEGG, STRING	0.04	13.0	1.0	GINS complex	5.0	KEGG_MEDICUS_REFERENCE_DNA_REPLICATION_LICENSING, KEGG_MEDICUS_REFERENCE_DNA_REPLICATION_TERMINATION, KEGG_MEDICUS_REFERENCE_ORIGIN_UNWINDING_AND_ELONGATION, KEGG_MEDICUS_REFERENCE_PRE_IC_FORMATION, KEGG_MEDICUS_REFERENCE_TRAIP_DEPENDENT_REPLISOME_DISASSEMBLY
94	ANLN; AURKB; BIRC5; BUB1B; CDCA8; CEP55; CIT; ECT2; ESPL1; KIF14; KIF20A; KIF23; MAD2L1; MAU2; NIPBL; PRC1; RACGAP1; RAD21; SMARCA4; SMC1A; SMC3; STAG2; TOP2A; TTK; UBE2I; VPS4A	26	CORUM, KEGG, STRING	0.1753846153846154	57.0	20.0	AURKB-BIRC5-RASA1 complex, AURKB-BIRC5-XPO1 complex, BIRC5-AURKB-INCENP-EVI5 complex, Chromosomal passenger complex CPC (BIRC5, CDCA8, INCENP), Chromosomal passenger complex CPC (CDCA8, AURKB, BIRC5), Chromosomal passenger complex CPC (INCENP, BIRC5, AURKB), Chromosomal passenger complex CPC (INCENP, CDCA8, BIRC5, AURKB), Cohesin complex, incomplete (USP13, SMC3, STAG2), Cohesin-SA1 complex, Cohesin-SA2 complex, DDX11-RAD21-SMC1A-SMC3 complex, ECT2-KIF23-RACGAP1 complex, KIF23-RACGAP1 complex, KIF4A-KIF14-KIF20A-KIF23-PRC1 complex, MAU2-NIPBL complex, Mitotic checkpoint complex, NIPBL-RAD21-SMC1A complex, SMC1-SMC3 complex, SNF2h-cohesin-NuRD complex, Sororin-cohesin complex	4.0	KEGG_MEDICUS_REFERENCE_COHESIN_LOADING, KEGG_MEDICUS_REFERENCE_ORGANIZATION_OF_THE_OUTER_KINETOCHORE, KEGG_MEDICUS_REFERENCE_RECRUITMENT_AND_FORMATION_OF_THE_MCC, KEGG_MEDICUS_REFERENCE_SPINDLE_ASSEMBLY_CHECKPOINT_SIGNALING
95	ATP1B3; CCDC36; CEP97; ELP6; H2BC13; LIAS; MVD; NISCH; P3H1; PIAS4; RFC4; RPP21; RRAD; SAE1; SLC35B1; SUMO2; SYPL2; TKT; TMA7; TMEM230; TMEM69; UBA2; VTI1B; ZBTB10; ZFAND5; ZNF445	26	None	0.012307692307692308	4.0				
96	ALG12; ALG5; DDX1; DPM2; EIF4G1; GLRX5; GPR137C; IWS1; MANF; MAST4; MNAT1; MON1B; NAA30; NAA35; NFE2L3; OSTC; PKN2; RBM27; RCE1; SEPTIN9; STT3A; ZCCHC14; nontargeting_1_2; nontargeting_54_3	24	None	0.014492753623188406	4.0				
97	AHCTF1; ARHGEF7; CSNK2A1; CSNK2B; DOCK7; HUWE1; LMNB1; NUP107; NUP133; NUP160; NUP43; NUP85; NUP98; PAK2; RBBP6; SCD; SEC13; SP1; SUPT20H; TADA1; TADA2B; TAF5L; TAF6L; VAPA	24	CORUM, KEGG, STRING	0.14492753623188406	40.0	8.0	Casein kinase II (beta-dimer, alpha, alpha'), Casein kinase II (beta-dimer, alpha-dimer), NPC subcomplex (NUP96, NUP107, NUP133, NUP160), Nuclear pore complex, Nup 107-160 subcomplex, SAGA complex, GCN5-linked, STAGA complex, STAGA complex, SPT3-linked	1.0	KEGG_MEDICUS_REFERENCE_NUCLEAR_EXPORT_OF_MRNA
98	AGAP6; CACNA1G; CARS2; DNAJA2; FBXO2; FTCD; ICMT; IQCF1; KIF18B; KRTAP10-12; KRTAP10-9; LAMTOR4; RAD51C; RFC1; RFC3; SZRD1; TAMM41; UAP1; UBE2J2; XRN1; ZFP36L1; ZFP36L2	22	None	0.004329004329004329	1.0				
99	BIRC6; C1orf100; CCDC106; CD81; CROCC; FJX1; HRAS; HSD17B12; KRTAP19-3; NAA38; OR5L2; PARD3; RNH1; SPINDOC; STRN4; TNFAIP2; TXNRD1; UBA6; UBXN1; USP14; WDR4	21	None	0.0	0.0				
100	AMFR; APRT; ARFRP1; CBLB; CDH5; CFDP1; CRLS1; DDX28; DPH7; ERCC4; GPX2; LAD1; MOK; NHLRC2; NHSL1; NOA1; PI4KB; SAMD4A; SDHD; TMEM242; WDTC1	21	None	0.0	0.0				
101	ACRBP; COL5A3; DAZAP1; DSCC1; ESRRA; GRHL2; HCN2; HDGFL2; IKBKB; KLF1; MBD3L2; MBD3L3; MCOLN1; MRPL15; NDUFS7; OAZ1; PDE7A; POLRMT; RNF126; TUBB4A; WDR73	21	None	0.0	0.0				
102	ALG11; ALG2; DAD1; DGCR8; DHDDS; DICER1; EXOC1; EXOC4; EXOC5; EXOC7; IMMT; NUS1; PDCL; RPN1; RPN2; SAMM50; SEC62; SLC33A1; TFRC; WDR54	20	CORUM, KEGG, STRING	0.06842105263157895	13.0	5.0	DHDDS-NUS1 complex, Exocyst EXOC5-EXOC6-EXOC7 subcomplex, Exocyst complex, Oligosaccharyltransferase complex (Stt3A variant), Oligosaccharyltransferase complex (Stt3B variant)	1.0	KEGG_MEDICUS_REFERENCE_N_GLYCAN_PRECURSOR_BIOSYNTHESIS_ALG6_TO_OST
103	ABCE1; CDK11A; CHMP5; CLUH; FAF2; FGFR1OP2; HSPA4; ICE1; NDUFB6; POLR2A; RBM42; RSRC2; SART1; SF1; SLMAP; SNRNP27; TPR; UBTF; ZFP91; ZNHIT2	20	None	0.021052631578947368	4.0				
104	ACACA; AKAP1; CAMKK2; CBX1; CTAGE9; GSE1; H2AC11; H2BC4; H2BC5; H2BC6; KHDRBS1; MYL12B; OR2A4; PHF12; PPP1R16A; RC3H1; SCRIB; THRA; TRIM9; USP5	20	None	0.010526315789473684	2.0				
105	ATP13A1; DDI2; DNAJB11; JOSD1; MAEA; NFE2L1; NFYA; NFYB; NFYC; RB1CC1; RUNX1; TM2D1; TM2D2; TM2D3; TOX4; UBE2H; UBE4B; WDR26; YPEL5	19	CORUM	0.029239766081871343	5.0	4.0	CBF-DNA complex, CTLH complex, submodule of the IFT/lebercilin complex, GID/CTLH ubiquitin E3 ligase complex, p32-CBF-DNA complex		
106	ASL; CAD; EFS; FAM136A; GTF2I; NFS1; NUPR2; PLEKHM2; PRAMEF15; PRAMEF6; RASA4; RCC1L; RFC2; SSC4D; STAG3; TRIM73; UPK3BL1; VWA1	18	None	0.0	0.0				
107	AKT2; BRD7; C2orf50; CD2BP2; CENPF; EEF1E1; G6PD; HSD17B10; KDM3B; KRTAP21-1; MAGED4; TOMM40; TREML2; TUBD1; VPS53; WDR86	16	None	0.0	0.0				
108	AASDHPPT; CDKL2; CRACD; CWF19L1; ECT2L; KIFBP; KMT2B; MMS19; NSF; PHF8; SGMS1; SMARCAL1; TBL1XR1; TEX19; UGT2B11; ZNF22	16	None	0.0	0.0				
109	AKIRIN2; POMP; PSMA1; PSMA2; PSMA3; PSMA4; PSMA5; PSMA6; PSMA7; PSMB1; PSMB2; PSMB3; PSMB4; PSMB6; PSMB7; UBE2R2	16	CORUM, KEGG, STRING	0.7666666666666667	92.0	6.0	20S proteasome, 26S proteasome, PA28-20S proteasome, PA28gamma-20S proteasome, PA700-20S-PA28 complex, Ubiquilin-proteasome complex	8.0	KEGG_MEDICUS_REFERENCE_26S_PROTEASOME_MEDIATED_PROTEIN_DEGRADATION, KEGG_MEDICUS_VARIANT_MUTATION_CAUSED_ABERRANT_ABETA_TO_26S_PROTEASOME_MEDIATED_PROTEIN_DEGRADATION, KEGG_MEDICUS_VARIANT_MUTATION_CAUSED_ABERRANT_HTT_TO_26S_PROTEASOME_MEDIATED_PROTEIN_DEGRADATION, KEGG_MEDICUS_VARIANT_MUTATION_CAUSED_ABERRANT_SNCA_TO_26S_PROTEASOME_MEDIATED_PROTEIN_DEGRADATION, KEGG_MEDICUS_VARIANT_MUTATION_CAUSED_ABERRANT_SOD1_TO_26S_PROTEASOME_MEDIATED_PROTEIN_DEGRADATION, KEGG_MEDICUS_VARIANT_MUTATION_INACTIVATED_UBQLN2_TO_26S_PROTEASOME_MEDIATED_PROTEIN_DEGRADATION, KEGG_MEDICUS_VARIANT_MUTATION_INACTIVATED_VCP_TO_26S_PROTEASOME_MEDIATED_PROTEIN_DEGRADATION, KEGG_MEDICUS_VARIANT_SCRAPIE_CONFORMATION_PRPSC_TO_26S_PROTEASOME_MEDIATED_PROTEIN_DEGRADATION
110	B3GNT4; CRCP; DUSP11; EXOSC10; GTF2H3; IPO13; LAS1L; MCPH1; MMP17; NOL9; POM121C; PON1; SGCE; XRN2	14	None	0.01098901098901099	1.0				
111	CCT2; CCT3; CCT4; CCT5; CCT6A; CCT7; CCT8; EIF1; PDAP1; TBCC; TCP1; TUBA1C; TUBB; TUBB4B	14	CORUM, KEGG, STRING	0.3626373626373626	33.0	2.0	BBS-chaperonin complex, CCT complex (chaperonin containing TCP1 complex)	22.0	KEGG_MEDICUS_ENV_FACTOR_IRON_TO_ANTEROGRADE_AXONAL_TRANSPORT, KEGG_MEDICUS_ENV_FACTOR_ZN_TO_ANTEROGRADE_AXONAL_TRANSPORT, KEGG_MEDICUS_PATHOGEN_ESCHERICHIA_ESPG_TO_MICROTUBULE_RHOA_SIGNALING_PATHWAY, KEGG_MEDICUS_PATHOGEN_SALMONELLA_SIFA_TO_MICROTUBULE_PLUS_END_DIRECTED_TRANSPORT, KEGG_MEDICUS_REFERENCE_ANTEROGRADE_AXONAL_TRANSPORT, KEGG_MEDICUS_REFERENCE_ARL8_REGULATED_MICROTUBULE_PLUS_END_DIRECTED_TRANSPORT, KEGG_MEDICUS_REFERENCE_ASSEMBLY_AND_TRAFFICKING_OF_TELOMERASE, KEGG_MEDICUS_REFERENCE_BRANCHING_MICROTUBULE_NUCLEATION, KEGG_MEDICUS_REFERENCE_KINETOCHORE_FIBER_ORGANIZATION, KEGG_MEDICUS_REFERENCE_KINETOCHORE_MICROTUBULE_ATTACHMENT, KEGG_MEDICUS_REFERENCE_MICROTUBULE_DEPOLYMERIZATION, KEGG_MEDICUS_REFERENCE_MICROTUBULE_DEPOLYMERIZATION_AT_THE_MINUS_ENDS, KEGG_MEDICUS_REFERENCE_MICROTUBULE_NUCLEATION, KEGG_MEDICUS_REFERENCE_MICROTUBULE_RHOA_SIGNALING_PATHWAY, KEGG_MEDICUS_REFERENCE_PROMOTION_OF_MICROTUBULE_GROWTH, KEGG_MEDICUS_REFERENCE_RAB7_REGULATED_MICROTUBULE_MINUS_END_DIRECTED_TRANSPORT, KEGG_MEDICUS_REFERENCE_RETROGRADE_AXONAL_TRANSPORT, KEGG_MEDICUS_VARIANT_MUTATION_CAUSED_ABERRANT_ABETA_TO_ANTEROGRADE_AXONAL_TRANSPORT, KEGG_MEDICUS_VARIANT_MUTATION_CAUSED_ABERRANT_DCTN1_TO_RETROGRADE_AXONAL_TRANSPORT, KEGG_MEDICUS_VARIANT_MUTATION_CAUSED_ABERRANT_HTT_TO_ANTEROGRADE_AXONAL_TRANSPORT, KEGG_MEDICUS_VARIANT_MUTATION_CAUSED_ABERRANT_HTT_TO_RETROGRADE_AXONAL_TRANSPORT, KEGG_MEDICUS_VARIANT_MUTATION_CAUSED_ABERRANT_SNCA_TO_ANTEROGRADE_AXONAL_TRANSPORT
112	ART5; ATP5PD; AUP1; COX5B; DEFB131B; KRTAP5-3; MRPL38; OR51I2; PPP4R3A; PRRC2A; RPL26L1; TFAM; UTP23	13	None	0.01282051282051282	1.0				
113	FAM153CP; FECH; FLI1; H2AC8; IMPA2; SOD2; TCEAL9; TRIM47; YAF2; nontargeting_35_3; nontargeting_44_3; nontargeting_46_0; nontargeting_49_0	13	None	0.0	0.0				
114	CDAN1; CEP295; CHRNA10; CNPY2; CYP27B1; MDM2; NHP2; PPP1R11; PRDX1; PTPMT1; RBM15; YTHDF2	12	None	0.0	0.0				
115	AFF1; FBXO5; FXN; HSPA13; KLHL40; LPAR2; SMR3A; SSTR3; TUBA4A; VEZT; nontargeting_20_0; nontargeting_55_1	12	None	0.0	0.0				
116	HNRNPK; HSPD1; NCAPD2; NCAPG; NCAPH; OR4F21; OR4F29&OR4F16&OR4F3; PGAM1; RPL41; SMC2; SMC4	11	CORUM, KEGG, STRING	0.18181818181818182	10.0	5.0	CAP(C)-CAP(E) complex, Condensin I complex, Condensin I-PARP-1-XRCC1 complex, Condensin II, DNA ligase IV-condensin complex	3.0	KEGG_MEDICUS_REFERENCE_CONDENSIN_LOADING, KEGG_MEDICUS_REFERENCE_INACTIVATION_OF_CONDENSIN_I, KEGG_MEDICUS_REFERENCE_MODIFYING_OF_CONDENSIN_I_SUBUNITS
117	CHD8; COPS2; COPS3; COPS4; COPS5; COPS6; COPS8; GPS1; RACK1; RPLP2; ZNF236	11	CORUM, STRING	0.4	22.0	7.0	ABCA1- CSN2-CSN5 complex, CNS-P53 complex, COP9 signalosome complex, CSA complex, CSA-POLIIa complex, CUL4B-DDB1-DTL-CSN complex, DDB2 complex		
118	ARCN1; COPA; COPB1; COPB2; COPG1; COPZ1; GOSR2; HMGCR; HMGCS1; NAPA	10	KEGG, STRING	0.35555555555555557	16.0			1.0	KEGG_MEDICUS_REFERENCE_COPI_VESICLE_FORMATION
119	CEBPA; KLC3; NTF4; PLEKHG2; TARS1; XRCC1; ZNF155; ZNF283; ZNF383	9	None	0.0	0.0				
120	HEATR1; POLR1A; POLR1B; RRN3; TWISTNB; UTP15; WDR75; ZNRD1	8	CORUM, STRING	0.4642857142857143	13.0	2.0	NMI-POLR1B-RRN3 complex, POLR1B-RRN3 complex		
121	DDX21; FBL; IMP3; NOP56; NOP58; PWP2; UTP6; WDR43	8	STRING	0.75	21.0				
122	DCAF13; DNTTIP2; MPHOSPH10; TBL3; UTP18; UTP4; WDR3; WDR36	8	STRING	1.0	28.0				
123	INTS1; INTS2; INTS3; INTS5; INTS6; INTS7; INTS8	7	CORUM, STRING	1.0	21.0	3.0	DSS1 complex, Integrator complex, Integrator-RNAPII complex		
